"name","website_url","id","icon_url","address","latitude","longitude","category_id","parent_id","background_colour","colour","apple_place_id","google_place_id","mcc","transaction_text_regexp","transaction_text_examples"
"3rd Space Googong","https://www.3rdspacegoogong.com.au","73ce2c81-36af-4603-8134-bbc8d6a91385","3rdspacegoogong.com.au.jpg","27 Beltana Ave, Googong NSW 2620, Australia","-35.4176437","149.2334303","5fb792a9-0045-4639-a3c6-edc156ccc177","","","#fdf1dd","IC50A80BFA8C3F28E","ChIJ-_sv4PJJFmsRQhW9yMTCgW0","5812","(?i)3rd Space Googong","[`3rd Space Googong, GOOGONG`]"
"A by Adina","https://abyadina.com","51bbc97a-3c02-4b66-bca0-20855aa8e2da","abyadina.com.jpg","","","","e83de4ef-e05b-4219-9a02-70b8590c7cb0","","","#053236","","","7011","(?i)A BY ADINA",""
"A by Adina - Canberra","https://abyadina.com/en/luxury-hotels/canberra","bc684c73-e84a-4ed6-9f70-832644be1c0b","","1 Constitution Ave, Canberra ACT 2601","-35.2828842","149.1306704","","51bbc97a-3c02-4b66-bca0-20855aa8e2da","","","ICC4DBF31C680AD93","ChIJ_8DUZ2lNFmsRacHBzwlatNY","","(?i)A BY ADINA CANBERRA","[`A BY ADINA CANBERRA     CANBERRA`]"
"A by Adina - Sydney","https://abyadina.com/en/luxury-hotels/sydney","0c102530-5d85-42c6-b398-c4273d871fcb","","2 Hunter Street, Sydney NSW 2000","-33.865551","151.207748","","51bbc97a-3c02-4b66-bca0-20855aa8e2da","","","IE9927A36720CE4BF","ChIJ46gbqUGuEmsRfXMt5hqsiSM","","(?i)A BY ADINA SYDNEY","[`A BY ADINA SYDNEY       STRAWBERRY HILL`]"
"Adina","https://adinahotels.com","fe3fed58-fe10-4e7c-95c8-b2bb6e11a56f","adinahotels.com.jpg","","","","e83de4ef-e05b-4219-9a02-70b8590c7cb0","","","#596b56","","","7011","(?i)ADINA",""
"Adina - Bondi","","1ff4c7f6-6825-4831-87a3-ad9ce27552f5","","69-73 Hall Street, Bondi Beach NSW 2026","-33.8902826","151.2724533","","fe3fed58-fe10-4e7c-95c8-b2bb6e11a56f","","","I93CF43C5692B8210","ChIJhd2ifpmtEmsR_ku11jWWMLQ","","(?i)(?:ADINA BONDI|^ADINA APARTMENT HOTEL B\b)","[`ADINA APARTMENT HOTEL B ULTIMO`, `ADINA BONDI BEACH`]"
"Aesop - Bondi Junction","https://www.aesop.com.au/stores/au/nsw/bondi-junction/01057.html","6ae649ec-e9dd-4f09-958b-8f1772aafd23","","3038/500 Oxford St, Bondi Junction NSW 2022, Australia","-33.8924346","151.250524","","7e391e1f-8a75-4362-80a7-58ce960bf454","","","I3B578562FFDAB3D0","ChIJCZzq-vCtEmsRBP4aMINGNcA","5977","(?i)AESOP BONDI","[`AESOP BONDI JUNCTION ADYEN`]"
"Amber Electric","https://amber.com.au","1d9fe754-a22a-46cf-8159-fdee6dfaf644","amber.com.au.jpg","","","","dd9ef4e3-dcb3-4f27-a121-0a0af83a5b27","","","","","","4900","(?i)Amber\s*Electric","[`Amber Electric Pty`, `AmberElectric       1234567890`]"
"Anita Gelato","https://www.anita-gelato.com/","016b83e4-1b26-475f-9e80-1653931014fa","anita-gelato.com.jpg","","","","5fb792a9-0045-4639-a3c6-edc156ccc177","","","#ef1554","","","5451","(?i)Anita","[`LS ANITA GELATO`, `ANITA GELATO`]"
"Anita Gelato - Bondi Beach","https://www.anita-gelato.com/","87a36548-db10-46ed-9bcd-7358a15f8f48","","180 Campbell Parade, Bondi Beach NSW 2026, Australia","-33.8893474","151.2757978","","016b83e4-1b26-475f-9e80-1653931014fa","","","IACB4CE942C5C4F0A","ChIJmW0fv56tEmsRPJMmDKiTudE","5451","(?i)ANITA BB","[`ANITA BB                 Bondi Beach NSW`, `ANITA BB 66325          BONDI BEACH`, `ANITA BB, Bondi Beach`]"
"Anita Gelato - Canberra","https://www.anita-gelato.com/","ebdc6dc7-3888-407f-a807-b77d8d97a3ad","","148 Bunda St, Canberra ACT 2601, Australia","-35.2781843","149.1329664","","016b83e4-1b26-475f-9e80-1653931014fa","","","I3A5F350B536AD093","ChIJPZI14GVNFmsRV8wlOraA4oY","5451","(?i)ANITA ?GELATO\s+CANBERRA","[`AnitaGelato Canberra     Canberra    ACT`, `LS Anita Gelato          Canberra    AUS`]"
"Anita Gelato - Chippendale","https://www.anita-gelato.com/","e77d2ab2-2ea8-4acd-9abd-fa423eb64742","","28 Broadway, Chippendale NSW 2008, Australia","-33.8848184","151.2004891","","016b83e4-1b26-475f-9e80-1653931014fa","","","ID2313D53971AA6D1","ChIJWefMtieuEmsRDcJxqM4EgM0","5451","(?i)ANITA CK","[`ANITA CK`, `ANITA CK                 Chippendale NSW`, `ANITA CK, Chippendale`, `Anita Ck Chippendale`]"
"Apple - Broadway","https://apple.com","60f1d947-dab8-4903-bbbb-52feb160a0e6","","Broadway Shopping Centre, 1 Bay St, Glebe NSW 2037, Australia","-33.8832335","151.1946569","","04eb38e9-d678-4d44-90a9-1786f12effd6","","","IC0B9621ADE8769BA","ChIJg78CuimuEmsR6cPNiotz9Hg","5732","(?i)APPLE.*R523","[`APPLE R523 BROADWAY, ULTIMO`]"
"Apple - Canberra","https://apple.com","070e812f-5a24-4fef-a109-c602167d1afe","","Canberra Centre, 148 Bunda St, Canberra ACT 2601, Australia","-35.2804193","149.1337271","","04eb38e9-d678-4d44-90a9-1786f12effd6","","","IB8B47855EF8471CC","ChIJk98782VNFmsRhFJImhhraIQ","5732","(?i)APPLE.*R483","[`APPLE STORE R483 R483   CANBERRA`]"
"Apple - Hornsby","https://apple.com","11978eec-5849-4ccd-9738-57d13c062e97","","Westfield Hornsby, 236 Pacific Hwy, Hornsby NSW 2077, Australia","-33.7049953","151.1001482","","04eb38e9-d678-4d44-90a9-1786f12effd6","","","","ChIJ-x1LfoSnEmsRTQ7FKUe4j1w","5732","(?i)APPLE.*R458","[`APPLE STORE R458 R458   HORNSBY`]"
"Apple - Sydney","https://apple.com","3700e092-c7d5-4cb3-b1b1-cfdf0aa9c6d8","","367 George St, Sydney NSW 2000, Australia","-33.869036","151.206669","","04eb38e9-d678-4d44-90a9-1786f12effd6","","","I5941C35CB7716AAA","ChIJAeHDcT-uEmsRTUNVCmZk3qg","5732","(?i)APPLE.*R238","[`APPLE R238 SYDNEY        SYDNEY      NSW`, `APPLE RETAIL STORE R238 SYDNEY`, `APPLE STORE R238 R238   SYDNEY`]"
"Ardour - Bowral","https://www.worldsapart.club/ardour/miltonpark","56fe894d-9318-4cd7-8fc4-3610424dfc67","","200 Horderns Rd, Bowral NSW 2576, Australia","-34.4989596","150.4814491","","71c3637b-fd1e-40fe-ba7a-ff59bc78848d","","","I60CD0E753547DBF1","ChIJy4j0LHGiE2sRQJ0H_ZB-Gcw","7011","(?i)MILTON PARK","[`MILTON PARK COUNTRY HOU BOWRAL`]"
"Arte Bianca","https://artebianca.com.au","9025f8d4-8a1e-42f8-91f4-d5e59a94e588","artebianca.com.jpg","1/1 Kiaora Rd, Double Bay NSW 2028, Australia","-33.8783732","151.2440413","5fb792a9-0045-4639-a3c6-edc156ccc177","","","#7a7a7a","I7A971D03CC12B429","ChIJRVS1nd2tEmsRIKCDiKMv6AY","5812","(?i)ARTE BIANCA","[`SQ *RUMA ARTE BIANCA     Double Bay  NS`]"
"AS Colour","https://ascolour.com.au","07ab7dc4-56fc-4f81-aa57-3fe19b02d88d","ascolour.com.au.jpg","","","","b3c87990-a047-49e1-a28b-ce3a50737a06","","","","","","5691","(?i)^(?:ACS\b|AS Colour)",""
"AS Colour - Newtown","","923dcd9b-3e3e-4b62-babf-a233d64534e8","","217 King St, Newtown NSW 2042, Australia","-33.894939","151.181656","","07ab7dc4-56fc-4f81-aa57-3fe19b02d88d","","","I940A69696D521E08","ChIJnS0g1zOwEmsRMm722HgH4To","","(?i)^(?:ACS|AS Colour)\s*Newtown","[`ACS NEWTOWN SHOP, VILLAWOOD`]"
"As You Like It","https://facebook.com/asyoulikeitcafebar","aa9216e8-1abe-4894-8496-3b528262d660","facebook.com-asyoulikeitcafebar.jpg","15 Childers St, Canberra ACT 2601, Australia","-35.2785758","149.1239742","5fb792a9-0045-4639-a3c6-edc156ccc177","","","","I930ECA72306B93A5","ChIJcWpr4kJNFmsRalZDjnYD1ac","5812","(?i)As you like it","[`LS As you like it, Canberra`, `LS As you like it        Canberra    AUS`]"
"Australia Post","https://auspost.com.au","1be650c3-d260-45e3-a209-40ecfd259bc9","auspost.com.au.jpg","","","","ca5c7d72-e1c0-4f93-89d1-92ff281198ba","","","#df1e29","","","9402","(?i)(?:^(?:AUS(?:TRALIA)? ?)?POST\b|GPO)",""
"Australia Post - Canberra GPO","","cd875972-0d8a-48a4-8659-96fca1ac85c6","","53 Alinga St, Canberra ACT 2601, Australia","-35.2796","149.129","","1be650c3-d260-45e3-a209-40ecfd259bc9","","","I2BE4C2E9C2E7B8BE","ChIJvSExCGhNFmsRk7gkpOaL1UU","","(?i)POST CANBERRA GPO","[`POST CANBERRA GPO POS,CANBERRA`]"
"a’Mare","https://www.crownsydney.com.au/restaurants/amare","f1ffd578-8945-4c54-8d07-74f2f1a0d190","amare.jpg","Level 1/1 Barangaroo Ave, Barangaroo NSW 2000, Australia","-33.8621372","151.2010033","5fb792a9-0045-4639-a3c6-edc156ccc177","","","#788c75","I8FDB9A11721D5A2F","ChIJLRSkPlqvEmsRcqmJ0Iep29U","5812","(?i)A'MARE","[`CROWN SYD A'MARE`, `CROWN SYD A'MARE        SYDNEY`]"
"Babette","https://www.babette.com.au","ca6a9076-1114-4ba2-aa87-a2436c828a49","babette.com.au.jpg","Queen Victoria Building, Shop G029/455 George St, Sydney NSW 2000, Australia","-33.8721139","151.206738","5fb792a9-0045-4639-a3c6-edc156ccc177","","","#ffffff","I72D2810EA24DFFED","ChIJ7yZJUByvEmsRkBbxWRmY1s8","5812","(?i)BABETTE","[`BABETTE 111515          SYDNEY`, `BABETTE`, `Babette                Sydney`]"
"Bake Bar","https://www.bakebar.com.au","1919428d-4af4-49e5-9dd4-81db36e84441","bakebar.com.au.png","","","","5fb792a9-0045-4639-a3c6-edc156ccc177","","","","","","5462","(?i)Bake Bar","[`Bake Bar Double Bay      Double Bay  AUS`]"
"Baker Bleu","https://bakerbleu.com.au","44501b72-03f3-45b9-82e0-c764256266ca","bakerbleu.com.au.jpg","","","","5fb792a9-0045-4639-a3c6-edc156ccc177","","","#006ab2","","","5462","(?i)BAKER BLEU",""
"Baker Bleu - Double Bay","https://bakerbleu.com.au/locations#double-bay","66043b0c-87d9-4fd0-90e4-d2c65a30940d","","2 Guilfoyle Ave, Double Bay NSW 2028, Australia","-33.8767609","151.2412677","","44501b72-03f3-45b9-82e0-c764256266ca","","","ID5F6937D9679F5E2","ChIJjWkYa2qtEmsRa1AWkf6qwM4","","(?i)BAKER BLEU DOUB","[`SQ *BAKER BLEU DOUB,Double Bay`]"
"Ballistic Burrito","https://www.instagram.com/ballistic_burrito_anu","b4b9b2ce-334b-4895-8742-ab4c52bed575","instagram.com-ballistic_burrito_anu.jpg","The Australian National University, 154/13 the lawn,Kambri, Acton ACT 2601, Australia","-35.2776043","149.1208572","4b6581ca-31d4-4fd2-b0fa-8525d5392cc7","","","","I74D89001A45A2297","ChIJedGazytNFmsR26AIkXta_vk","5814","(?i)(MDNA|BALLISTIC BURRITO)","[`MDNA PTY LTD, ACTON`, `MDNA PTY LTD             ACTON       AUS`, `MDNA PTY LTD           ACTON`]"
"Bar Torino","https://themargaretfamily.com","41db9d87-6ca8-42fc-a45c-c827240c7d77","themargaretfamily.com.png","24 Bay St, Double Bay NSW 2028, Australia","-33.8770327","151.242401","ca07d968-abe5-4ab5-8868-39d6bbae9d39","","","","","ChIJRxp--VOtEmsRDrunUc7erJM","5813","(?i)BAR TORINO DOUBLE BAY","[`BAR TORINO DOUBLE BAY 3 DOUBLE BAY`]"
"Bartiga","https://bartiga.com.au","94b21399-6994-433e-88fd-364a01910a8b","bartiga.com.au.jpg","43 Bay St, Double Bay NSW 2028, Australia","-33.87705","151.24185","ca07d968-abe5-4ab5-8868-39d6bbae9d39","","","#495b3a","I138E2E8F5E8097A3","ChIJF6b8TwCtEmsReqokoq1iCVI","5812","(?i)^BARTIGA","[`BARTIGA PTY LTD`, `BARTIGA PTY LTD         Double Bay`]"
"Bespoke Letterpress","https://bespokepress.com.au","2d92e302-5ad7-4975-a60b-32712d72c0cd","bespokepress.com.au.jpg","","","","18c59161-4dfb-483f-8d77-16df3298c21b","","","","","","5943","(?i)BESPOKE LETTERPRESS",""
"Bespoke Letterpress - Bowral","","724bc758-78bf-4f39-87ff-d0180ecaf9b3","","Shop 2b, 310-312 Bong Bong St, Bowral NSW 2576, Australia","-34.4794367","150.4178638","","2d92e302-5ad7-4975-a60b-32712d72c0cd","","","I35C9805991F12B7D","ChIJOT7Nc_SiE2sRoPDm6ytZsaw","5943","","[`SP BESPOKE LETTERPRESS  BOWRAL`]"
"Bespoke Letterpress - Canberra Centre","","377b7a8b-136c-466a-9f1e-3f7c24967a25","","Opposite Apple, Canberra Centre, Level 1/148 Bunda St, Canberra ACT 2601, Australia","-35.2800851","149.1337049","","2d92e302-5ad7-4975-a60b-32712d72c0cd","","","I1C30EE65AF8106E6","ChIJiwHXg9NNFmsRYiJu1CyjpPI","5943","","[`SP BESPOKE LETTERPRESS  BOWRAL`]"
"Bespoke Letterpress - The Strand","","96a70d2f-61c4-4cc9-bc0a-29e43fffeb98","","Near Strand Hatters, Ground Floor 412/414 George St, Sydney NSW 2000, Australia","-33.8693954","151.2078967","","2d92e302-5ad7-4975-a60b-32712d72c0cd","","","IE23C63120BB4B7FF","ChIJaUbbnj-uEmsRPNNAjjFZBgI","","","[`BESPOKE LETTERPRESS PTY BOWRAL`]"
"Betashares","https://betashares.com.au","a744b1a4-45f9-4aab-95fa-bfec84bf5412","betashares.com.au.webp","","","","e4d456df-0567-416a-ba4a-3f8178f83a11","","","#fc4e16","","","6211","(?i)Betashares","[`Betashares`]"
"Bibo","https://bibowinebar.com.au","3d30c13b-25d4-4674-98cd-321ceb5b7acd","bibowinebar.com.au.jpg","7 Bay St, Double Bay NSW 2028, Australia","-33.8782013","151.2416013","ca07d968-abe5-4ab5-8868-39d6bbae9d39","","","","I237C5B44EB0E4D89","ChIJdaTvcuetEmsRWptnNfK1EhQ","5813","(?i)(BAY STREET WINE BAR|BIBO)","[`BAY STREET WINE BAR      DOUBLE BAY  NSW`]"
"bills","https://www.bills.com.au","18e48d4f-b72e-40e3-a589-6763b3ddc37b","bills.com.au.jpg","","","","5fb792a9-0045-4639-a3c6-edc156ccc177","","","","","","5812","(?i)^Bills","[`BILLS                   BONDI BEACH`, `BILLS IN`, `BILLS`]"
"bills - Bondi","https://www.bills.com.au","55bd2d6b-fb5b-4d15-a4c5-fa1c9994328a","","79 Hall St, Bondi Beach NSW 2026, Australia","-33.8898493","151.2720552","","18e48d4f-b72e-40e3-a589-6763b3ddc37b","","","IFE110670BFA92A11","ChIJmQPpf5mtEmsRHwtXoLxJb1k","5812","(?i)Bills Bondi","[`LS Bills Bondi, BONDI BEACH`]"
"bills - Double Bay","https://www.bills.com.au","dba9a26c-ebcd-4ca0-bb19-b55cfb51ff32","","16 Cross St, Double Bay NSW 2028, Australia","-33.8766283","151.2432611","","18e48d4f-b72e-40e3-a589-6763b3ddc37b","","","I2C8AC59908C28FF6","ChIJwWegQuatEmsRDcElKmT3SFg","5812","(?i)(?:Bills\s*Double Bay|^BILLS RESTAURANT - DB)","[`BILLS                   DOUBLE BAY`, `BILLS RESTAURANT - DB   DOUBLE BAY`]"
"Black Star Pastry","https://blackstarpastry.com","1e127bb0-bd4f-43bc-b0e8-5026bf571c1d","blackstarpastry.com.png","","","","5fb792a9-0045-4639-a3c6-edc156ccc177","","","#000000","","","5462","(?i)Black Star Pastry",""
"Black Star Pastry - Moore Park","https://www.facebook.com/bspeq","0e2dc992-0bb4-4b4d-a198-a4b0c4312e46","","210 Bent St, Moore Park, NSW, Australia","-33.89521","151.22599","","1e127bb0-bd4f-43bc-b0e8-5026bf571c1d","","","","","","(?i)Black Star Pastry\s*Moore","[`BLACK STAR PASTRY MOORE Moore Park`]"
"Black Toast","https://blacktoast.com.au","17ddb5ef-d75e-4078-b325-abce401e4766","blacktoast.com.au.jpg","43 Booth St, Annandale NSW 2038, Australia","-33.8820817","151.1733471","5fb792a9-0045-4639-a3c6-edc156ccc177","","","","IB6D7ECEC1B24FB1","ChIJ8xkIsSewEmsRUz8ZPcWPltM","5812","(?i)Black Toast Cafe","[`Black Toast Cafe, Annandale`, `Black Toast Cafe Annandale`, `BLACK TOAST CAFE         ANNANDALE   NSW`, `BLACK TOAST CAFE, ANNANDALE`]"
"Blackwood Bondi","https://blackwoodhospitality.com.au/bondi-location","9d090858-176c-4ab9-99c0-03aef66b18fe","blackwoodhospitality.com.jpg","Shop 3/87-89 Glenayr Ave, Bondi Beach NSW 2026, Australia","-33.88569","151.27313","5fb792a9-0045-4639-a3c6-edc156ccc177","","","#bfd4c7","IC050488E9D9F70E9","ChIJhR9TmXutEmsRxZ667CB7Z1k","5812","(?i)BLACKWOOD BONDI","[`BLACKWOOD BONDI 100585  BONDI BEACH`]"
"Blu Ginger Indian Restaurant","https://www.bluginger.com.au/","d0d08685-b42a-4122-891d-b594507b1c44","bluginger.com.au.jpg","2/5-21 Genge St, Canberra ACT 2600, Australia","-35.27704","149.13197","5fb792a9-0045-4639-a3c6-edc156ccc177","","","#230804","IDCE2B3D8F7BBF69B","ChIJSU3xbmZNFmsRle8KhIVMmwQ","5812","(?i)BLU GINGER INDIAN","[`BLU GINGER INDIAN RE   CANBERR`]"
"Bondi Road Seafoods","https://www.instagram.com/bondiroadseafoods","bb6fbc4e-551c-413e-9c82-91848d8135c0","instagram.com-bondiroadseafoods.jpg","279 Bondi Rd, Bondi NSW 2026, Australia","-33.8947643","151.2682722","5fb792a9-0045-4639-a3c6-edc156ccc177","","","#123f84","I963EE46AD129ECCA","ChIJoYoc94-tEmsR72ne6U-IsA0","5422","(?i)BONDI ROAD SEAFOOD",""
"Bondi Trattoria","https://www.bonditrattoria.com.au","d9daea0c-9bfa-4907-bf9b-4c9e7e2e46c2","bonditrattoria.com.au.jpg","34 Campbell Parade, Bondi Beach NSW 2026, Australia","-33.8938424","151.2728541","5fb792a9-0045-4639-a3c6-edc156ccc177","","","#5c4740","I15B97DD71CDDB13F","ChIJPY65P5utEmsRoPQY9iTI0AU","5812","(?i)BONDI TRATTORIA","[`BONDI TRATTORIA         BONDI BEACH`]"
"Bookplate","http://bookplate.com.au","2a88632a-40e0-4790-8b1c-889b6ca63db2","bookplate.com.au.jpg","National Library of Australia, 25 Parkes Pl W, Parkes ACT 2600, Australia","-35.2965779","149.1300102","5fb792a9-0045-4639-a3c6-edc156ccc177","","","#c8c5bd","IA1D373540DC7C1C9","ChIJLylmCBdNFmsRMo64BJmkO6A","5812","(?i)(Capital Gatherings|Bookplate)","[`CAPITAL GATHERINGS PTY   PARKES`, `CAPITAL GATHERINGS`, `CAPITAL GATHERINGS PTY, PARKES`, `CAPITAL GATHERINGS       PARKES`]"
"Boost Juice","https://www.boostjuice.com.au","e35ed7bd-c4ad-4e9b-942d-c5758f7846f5","boostjuice.com.au.jpg","","","","4b6581ca-31d4-4fd2-b0fa-8525d5392cc7","","","","","","5814","(?i)(?:^BOOST\b|BOOST JUICE)",""
"Boost Juice - Belconnen","https://www.boostjuice.com.au","0e38d9c2-9699-4302-a298-36e766586cb2","","302 Benjamin Way, Belconnen ACT 2617, Australia","-35.2381918","149.0657059","","e35ed7bd-c4ad-4e9b-942d-c5758f7846f5","","","I9B6DA45A4A5847E3","ChIJk80-83qtF2sRExtgBTYr9FE","5814","(?i)^BOOST BELCONNEN","[`BOOST BELCONNEN         BELCONNEN`]"
"Boost Juice - Canberra Centre","https://www.boostjuice.com.au","06c2b480-b041-45cf-b6d6-5ffdfe38e6e4","","Shop K09/177 Bunda St, Canberra ACT 2601, Australia","-35.278329","149.1333817","","e35ed7bd-c4ad-4e9b-942d-c5758f7846f5","","","IE25AA9BF86E220D6","ChIJyyaRV29NFmsRV7TkNTpUNIw","5814","(?i)BOOST JUICE ,CANBERRA CITY","[`ZLR*Boost Juice ,Canberra City`]"
"Booth Street Pharmacy","https://healthdirect.gov.au/australian-health-services/healthcare-service/annandale-2038-nsw/booth-street-pharmacy/pharmacy/e9367a17-edfc-3f5c-a7d5-a90308e1d9c0","2432bd3a-a867-4a9b-b6d3-df1da9b05716","healthdirect.gov.au-booth-street-pharmacy.jpg","Unit 2/39 Booth St, Annandale NSW 2038, Australia","-33.88221","151.17342","7a717aa0-c18f-4724-9309-4751b894fa04","","","#1a8978","I2A4449640B227CA4","ChIJm906sSewEmsRUdKVi8b6IkU","5912","(?i)BOOTH STREET PHARMA","[`BOOTH STREET PHARMAQ,ANNANDALE`, `BOOTH STREET PHARMAC     ANNANDALE   NSW`]"
"Brickfields","https://brickfields.com.au","777d5aeb-4793-47cc-b1be-e4c53e99f77c","brickfields.com.au.jpg","","","","5fb792a9-0045-4639-a3c6-edc156ccc177","","","#13401f","","","5462","(?i)BRICKFIELDS","[`BRICKFIELDS`]"
"Brickfields - Chippendale","https://brickfields.com.au","11ad4e7d-c924-400b-aec7-4a95ad8283c8","","206 Cleveland St, Chippendale NSW 2008, Australia","-33.888583","151.199792","","777d5aeb-4793-47cc-b1be-e4c53e99f77c","","","ID7F0AA7E4DA5F51E","ChIJcaWgOdixEmsRL0vXy_mP1a0","5462","(?i)BRICKFIELDS CH","[`SQ *BRICKFIELDS CHIPPE   Chippendale NS`, `SQ *BRICKFIELDS CHIPPE Chippen`, `BRICKFIELDS CHIPPENDALE Chippendale`, `SQ *BRICKFIELDS CH,Chippendale`]"
"Brooklyn Donuts Canberra Centre","https://brooklyndonut.com.au/","556871a3-da31-426d-a415-cead4d983aca","brooklyndonut.com.au.jpg","Canberra Centre, Shop EGK22/148 Bunda St, Canberra ACT 2601, Australia","-35.2783151","149.1333774","5fb792a9-0045-4639-a3c6-edc156ccc177","","","","IAB55EA95100CCD45","ChIJo2gIDYhNFmsRgXvikrSRz-E","5462","(?i)Brooklyn Donuts","[`Brooklyn Donuts & Coff Canberr`]"
"Bunnings","https://www.bunnings.com.au","b910f0f9-a072-4b3e-832e-0cfb72810f7f","bunnings.com.au.jpg","","","","b1020946-de61-4d86-b658-f8bcaa33a2d0","","","","","","5200","(?i)^BUNNINGS\b","[`BUNNINGS 676000 NUNAWADING`, `BUNNINGS OSBORNE PARK`, `Bunnings 376000 North Lakes`, `Bunnings 629000 Morayfield`, `Bunnings Hawthorn`]"
"Burgmann Anglican School","https://www.burgmann.act.edu.au","7e2e883c-7ba7-4f2a-8f7d-d48d932b26d6","facebook.com-burgmannanglicanschool.jpg","4 The Valley Ave, Gungahlin ACT 2912, Australia","-35.1881402","149.1233478","17a59adf-6a01-4337-9a64-1c7b472a7b39","","","","I8A7E621099795053","ChIJ2dDpEl9TFmsRG-95LCO1T8k","8211","(?i)^BURGMANN ANGLICAN",""
"Cafe Mantra","https://cafemantra.com.au","c917ce94-fdf9-48f2-b865-960c99ca7d41","cafemantra.com.au.webp","73 Lennox Crossing, Acton ACT 2601, Australia","-35.28802760000001","149.116251","5fb792a9-0045-4639-a3c6-edc156ccc177","","","","I669F4B96A7D86BCB","ChIJEbl_xh1NFmsR6Z5KuPMuILE","5812","(?i)Cafe Mantra\s*Acton","[`Cafe Mantra              Acton       AC`]"
"Cafe Portico","https://www.cafeportico.com/","922b2ae5-7db8-425e-8a2e-8594d3debbb8","cafeportico.com.png","Entrance at 42-44 Margaret Street, 2 York St, Sydney NSW 2000, Australia","-33.8649667","151.2057141","5fb792a9-0045-4639-a3c6-edc156ccc177","","","#1b191a","IC08896E44D288A9D","ChIJAfmRgmWvEmsRmc85iRXig2I","5812","(?i)SKYPHANPAYGROUP","[`SQ *SKYPHANPAYGROUP, Oakhurst`]"
"Cammeray Pharmacy","https://cammeraysquare.com.au","2a10c265-b53c-4ac5-bcbe-ae91b0dfb8e7","cammeraysquare.com.au.png","9/450-476 Miller St, Cammeray NSW 2062, Australia","-33.8236349","151.2095922","7a717aa0-c18f-4724-9309-4751b894fa04","","","","I8FF7CE20407978AA","ChIJZU3qqsCuEmsR42r9OAaeoM8","5912","(?i)Cammeray Pharmacy","[`Cammeray Pharmacy Cammeray`]"
"Canberra Girls Grammar School","https://www.cggs.act.edu.au","bea84b1c-8f85-490c-8f39-d98cc83a2c28","facebook.com-canberragirlsgrammarschool.jpg","48 Melbourne Ave, Deakin ACT 2600, Australia","-35.3167489","149.1155122","17a59adf-6a01-4337-9a64-1c7b472a7b39","","","","IBF6BBCFB5ABAB630","ChIJE0oYPMVMFmsRhbJkCDaSL98","8211","(?i)^CANBERRA GIRLS GRAMMAR",""
"Canberra Grammar School","https://cgs.act.edu.au/","58a8bf46-b8f8-42f1-a709-7cd6cab10752","cgs.act.edu.au.jpg","40 Monaro Cres, Red Hill ACT 2603, Australia","-35.3308865","149.1275218","17a59adf-6a01-4337-9a64-1c7b472a7b39","","","#5aa3d2","ID7F6D0E17A655B9C","ChIJ8elwmZVMFmsR6Q56zFMpaqg","8211","(?i)^CANBERRA GRAMMAR","[`CANBERRA GRAMMAR        RED HILL`]"
"Capital Eatery","https://capitaleatery.com.au/","fb7ab6b5-13da-429d-b2ef-4c74139eb288","capitaleatery.com.au.jpg","68 Northbourne Ave, Canberra ACT 2601, Australia","-35.276741","149.1304321","5fb792a9-0045-4639-a3c6-edc156ccc177","","","#6a726d","IC1F535627385600D","ChIJ6RLaOyVNFmsR6IT3J66lYNU","5812","(?i)(MW COFFEE|Capital Eatery)","[`MW COFFEE PTY LTD      CANBERR`, `MW COFFEE PTY LTD, CANBERRA`, `MW COFFEE PTY LTD        CANBERRA`]"
"Casa Ristorante Italiano","https://lovecasa.com.au","0f9d165c-f2a0-4e39-a8f6-f68826e644fa","lovecasa.com.au.jpg","42/48 The Promenade, King St, Sydney NSW 2000, Australia","-33.8683184","151.2016788","5fb792a9-0045-4639-a3c6-edc156ccc177","","","#172e4d","I885B6D31F0149C64","ChIJL7gb_z-uEmsRCL4jbocltz0","5812","(?i)CASA RISTORANTE","[`CASA RISTORANTE ITALIAN SYDNEY`]"
"Cervo","https://www.crownmelbourne.com.au/restaurants/cervo","3fa68ec7-b679-406c-8056-2ab4131b00ba","cervo.jpg","Crown Riverwalk, 8 Whiteman St, Southbank VIC 3006, Australia","-37.8239578","144.9594467","5fb792a9-0045-4639-a3c6-edc156ccc177","","","","I27FACA5D93E383DE","ChIJs-Q2IlNd1moRWMeetOC96a8","5812","(?i)CERVO","[`CERVO                   SOUTHBANK`]"
"CGS Foundation","https://cgsfoundation.org.au/","bcc0c521-b196-4e06-9c93-4937e16c30ac","cgs.act.edu.au.jpg","40 Monaro Cres, Red Hill ACT 2603, Australia","-35.3308865","149.1275218","0f9303fb-36a9-43a5-ae9b-34ef24e581ef","","","#005B94","ID7F6D0E17A655B9C","ChIJ8elwmZVMFmsR6Q56zFMpaqg","8398","(?i)CGS Foundation","[`CGS FOUNDATION          RED HILL`]"
"Chemist Warehouse","https://chemistwarehouse.com.au","d9a6b31a-5b98-42bc-a36e-b9768bc4a9ef","chemistwarehouse.com.au.png","","","","7a717aa0-c18f-4724-9309-4751b894fa04","","#ffee02","#014593","","","5912","(?i)CHEMIST WAREHOUSE",""
"Chemist Warehouse - Bondi Beach","","5fe56cd0-ba25-40d0-aa22-0e97941ec23b","","Shop 2/164 to 172 Campbell Parade, Bondi Beach NSW 2026, Australia","-33.89015","151.27476","","d9a6b31a-5b98-42bc-a36e-b9768bc4a9ef","","","I7BB493E598315E60","ChIJByNZ95utEmsRX0Bo3Dg48Ik","","(?i)^CHEMIST WAREHOUSE\s*BONDI","[`CHEMIST WAREHOUSE        BONDI BEACH NSW`]"
"Chemist Warehouse - Spencer Outlet Centre","","f865be4e-dfcf-49bf-95c7-a3f6302a5313","","Sh MM2, 201 Spencer St, Docklands VIC 3008, Australia","-37.81667","144.95249","","d9a6b31a-5b98-42bc-a36e-b9768bc4a9ef","","","I99A4474868FF64AA","ChIJzfLZqU9d1moRvMOZiwfbFY0","","(?i)^CHEMIST WAREHOUSE\s*DOCKLAN","[`CHEMIST WAREHOUSE      DOCKLAN`]"
"Chippendale Cellars","https://www.instagram.com/chippendale_cellars/","30bb711f-0b24-44dc-97b5-4b05b9007b9f","instagram.com-chippendale_cellars.jpg","114 Abercrombie St, Chippendale NSW 2008, Australia","-33.8878337","151.1990029","0fc1444c-68ec-42b3-87df-b4d61a927e43","","","#7a003b","I8979D4947B4A5BFB","ChIJrV8TGdixEmsRgul7YcSGrjI","5921","(?i)CHIPPENDALE CELLARS","[`CHIPPENDALE CELLARS`]"
"Chrono24","https://www.chrono24.com.au","9fbedac3-9a1c-49f6-b420-25676c3d9d99","chrono24.com.au.jpg","","","","b3c87990-a047-49e1-a28b-ce3a50737a06","","","#1A253C","","","5944","(?i)CHRONO24","[`CKO*CHRONO24 GMBH 12345 BADEN-WURTTEMBE`]"
"Cinnascroll Bakery Canberra","https://cinnascroll.com.au","45bc49d7-4afb-44fe-b399-03fe913f8b77","cinnascroll.com.au.png","148 Bunda St, Canberra ACT 2601","-35.28012","149.13357","5fb792a9-0045-4639-a3c6-edc156ccc177","","","#ac623e","IA4CB75B9FF7B24B4","ChIJn96PYxBNFmsRbGERrQ5v8TY","5462","(?i)CINNASCROLL","[`CINNASCROLL BAKERY - C   CANBERRA`]"
"Circa 900 Pizzeria Napoletana","https://www.circa900.com.au/","f474fd4a-b71e-4f37-8bc1-18094f65218d","circa900.com.au.jpg","34 Sussex St, Pascoe Vale South VIC 3044, Australia","-37.736694","144.949133","5fb792a9-0045-4639-a3c6-edc156ccc177","","","#73734a","I8B1DCB115ED06A9F","ChIJszRCfcND1moRXnB1AMkCdjE","5812","(?i)(FARDIS PIZZA ONE PTY|Circa 900)","[`FARDIS PIZZA ONE PTY L PASCOE`]"
"Citadines - North Sydney","https://www.discoverasr.com/en/citadines/australia/citadines-walker-north-sydney","db2095f4-4baa-4dc3-854f-417233c8a9fe","","88 Walker St, North Sydney NSW 2060, Australia","-33.8384542","151.2086047","","2fe7ba05-ab31-48ac-a5cf-6847de5bbcea","","","ICA465F5E82083411","ChIJ6bu0mfKuEmsRO0kNgzh7Gww","7011","(?i)CITADINES NORTH SYDNEY","[`CITADINES NORTH SYDNEY  NORTH SYDNEY`]"
"Coles","https://coles.com.au","33219cec-c14d-462f-ade1-2e380dd855db","coles.com.au.png","","","","a362513e-58ca-41b6-a5c0-e1dbd202d504","","","#ea212c","","","5411","(?i)COLES",""
"Coles - Bondi Junction","","0c326965-8fc8-4b74-ab8e-81587d5e524f","","Westfield Bondi Junction, 500 Oxford St, Bondi Junction NSW 2022, Australia","-33.8929814","151.250827","","33219cec-c14d-462f-ade1-2e380dd855db","","","ICC602AF7EA445577","ChIJ4RVpf_GtEmsRUk0R9G51I4Q","5411","(?i)COLES\s+(0853\b|BONDI\s+JCT)","[`COLES 0853COLES 0853     BONDI JCT   AUS`]"
"Coles - Broadway","","fd7cbaec-f297-47b4-a120-ff9bfcb3c82a","","Broadway Shopping Centre, 1 Bay St, Broadway NSW 2007, Australia","-33.8836883","151.1938767","","33219cec-c14d-462f-ade1-2e380dd855db","","","IF6E4BF46BAAE9416","ChIJk87o1SeuEmsRc2T1HToXOvc","5411","(?i)COLES\s+(0839\b|BROADWAY\s+839)","[`COLES 0839, BROADWAY`, `COLES BROADWAY 839      BROADWAY`]"
"Coles - Canberra Civic","","863c711f-d7cc-4180-8623-071f5532e6e3","","Canberra Centre, Bunda St, Canberra ACT 2601, Australia","-35.278269","149.13382","","33219cec-c14d-462f-ade1-2e380dd855db","","","IE8325E6326F74D18","ChIJjVRG6GVNFmsR1sDCsXw-w3Q","5411","(?i)COLES\s+(CANBERRA\s+CIVIC|4787\b)","[`COLES CANBERRA CIVIC`, `COLES 4787, CANBERRA`, `COLES CANBERRA CIVIC 47 CANBERRA CITY`, `COLES 4787               CANBERRA    01`]"
"Coles - Chatswood","","2a313f21-a566-4a4d-8fa5-4e8cdb6c4638","","Chatswood Chase, 345 Victoria Ave, Chatswood NSW 2067, Australia","-33.7935172","151.1864637","","33219cec-c14d-462f-ade1-2e380dd855db","","","IC142AE82C1406827","ChIJW1oU29WoEmsRUnmyEMrJ3AM","5411","(?i)COLES\s+(0852\b|CHATSWOOD)","[`COLES 0852               CHATSWOOD   AUS`]"
"Coles - Crows Nest","","002154bf-4fa9-4600-8ef1-56ca689fd0f3","","105 Willoughby Rd, Crows Nest NSW 2065, Australia","-33.823142","151.2011466","","33219cec-c14d-462f-ade1-2e380dd855db","","","I452B15014DED5F40","ChIJiRY0fwCvEmsR5QOr66iidXs","5411","(?i)COLES\s+(7577\b|CROWS\s+NEST)","[`COLES 7577, CROWS NEST`]"
"Coles - Launceston","","4b25c4bf-04ca-450e-872b-cabed43489d4","","128 Wellington St, Launceston TAS 7250, Australia","-41.4448258","147.13865","","33219cec-c14d-462f-ade1-2e380dd855db","","","IE7368F80F0E73356","ChIJvTGX-s-mcKoRw66L1cgfUZI","5411","(?i)COLES\s+(LAUNCESTON|7562\b)","[`COLES LAUNCESTON 7562   LAUNCESTON`]"
"Coles - Manuka","","73fee4b4-8aa6-4763-8cd6-1ad0127f9122","","18 Flinders Way, Griffith ACT 2603, Australia","-35.320823","149.1341359","","33219cec-c14d-462f-ade1-2e380dd855db","","","I729B23326B188543","ChIJiyO5SexMFmsRXAQqht7cJXM","5411","(?i)COLES\s+(0859\b|MANUKA\b)","[`COLES MANUKA`, `COLES 0859, MANUKA`]"
"Coles - Neutral Bay","","c0dc2a63-8835-4ee3-a7c5-6d285887a46f","","41-53 Grosvenor St, Neutral Bay NSW 2089, Australia","-33.8305277","151.2225139","","33219cec-c14d-462f-ade1-2e380dd855db","","","I54E1AA20CBCED741","ChIJhTRlokyvEmsRSgj3RtpXEQ4","5411","(?i)COLES\s+(0829\d?\b|NEUTRAL\s+BAY)","[`COLES 08291, NEUTRAL BAY`]"
"Coles - North Parramatta","","fd41eb88-a01f-4e95-91be-01362c6bdb6d","","20 Victoria Rd, North Parramatta NSW 2151, Australia","-33.8083685","151.0064546","","33219cec-c14d-462f-ade1-2e380dd855db","","","I335309182B6D9216","ChIJHV2LjhyjEmsR8Rqw2FGSLIw","5411","(?i)COLES\s+(0?887\b|NORTH\s+PARRAMA)","[`COLES 887 NORTH PARRAMA PARRAMATTA`]"
"Coles - North Sydney","","79cbdb0a-d9db-4e09-89dc-1fb18f44642e","","99 Walker St, North Sydney NSW 2060, Australia","-33.8392858","151.2089699","","33219cec-c14d-462f-ade1-2e380dd855db","","","I122C102003F750BD","ChIJ1wXrv_KuEmsRWlwSg5DpReg","5411","(?i)COLES\s+(NORTH\s+SYDNEY\s+)?5587\b","[`COLES NORTH SYDNEY 5587 NORTH SYDNEY`, `Coles 5587 North Sydney`, `COLES 5587, NORTH SYDNEY`, `COLES 5587               NORTH SYDNEYAUS`]"
"Coles - Port Douglas","","211b3591-7b9a-4fbe-8a12-51e38dcc7d69","","11-17 Macrossan St, Port Douglas QLD 4877, Australia","-16.4822401","145.462899","","33219cec-c14d-462f-ade1-2e380dd855db","","","I4FD98D3AE073007C","ChIJ4Xv0eXaogmkR5QPUQsmvwkI","5411","(?i)COLES\s+(PORT\s+DOUGLAS|4546\b)","[`COLES PORT DOUGLAS 4546 PORT DOUGLAS`]"
"Coles - Sydney City","","ca12d100-dedc-4266-9929-793121a94fcb","","68 York St, Sydney NSW 2000, Australia","-33.8704197","151.2065633","","33219cec-c14d-462f-ade1-2e380dd855db","","","IACA66BB28D7E91C4","ChIJg-PU3iuvEmsR1wz25yjIpO4","5411","(?i)COLES\s+(SYDNEY\s+CITY\s+840|0840)","[`COLES SYDNEY CITY 840   SYDNEY`, `COLES 0840COLES 0840, SYDNEY`]"
"Coles - Tea Gardens","","84958a0a-f809-432b-849b-2de165c3530c","","2-6 Myall Quays Blvd, Tea Gardens NSW 2324, Australia","-32.6525353","152.1499594","","33219cec-c14d-462f-ade1-2e380dd855db","","","IF8DAF3EE65B7E9B4","ChIJqxXozsWAc2sRQ7rO74B59Kc","5411","(?i)COLES\s+(5692\b|TEA\s+GARDENS)","[`COLES 5692, TEA GARDENS`]"
"Coles Express - Cammeray","","6e5990f0-4602-45d6-b761-5e7748487038","","477-483 Miller St, Cammeray NSW 2062, Australia","-33.8213936","151.2108764","","33219cec-c14d-462f-ade1-2e380dd855db","","","I705E575064BA25C","ChIJv3eohLiuEmsRmsywXBl7OP4","5541","(?i)COLES\s+EXPRESS\s+CAMMERAY","[`COLES EXPRESS CAMMERAY  CAMMERAY`]"
"Coles Express - Hunters Hill","","1ed47dc3-1a1e-4a77-9f82-4e84227af1af","","4 Ryde Rd, Hunters Hill NSW 2110, Australia","-33.831841","151.1415717","","33219cec-c14d-462f-ade1-2e380dd855db","","","IE3E0352D09E6CF3D","ChIJeycZGICvEmsRsB7z-Wh9AQ8","5541","(?i)COLES\s+EXPRESS\b.*(\b164\b|HUNTERS\s+HILL)","[`COLES EXPRESS 164,HUNTERS HILL`]"
"Coles Express - Sutton Forest","","053a32b7-94f6-48ab-8c3b-286476b74a9a","","13125 Hume Hwy, Sutton Forest NSW 2577, Australia","-34.6079622","150.225037","","33219cec-c14d-462f-ade1-2e380dd855db","","","I8E39A7B6FA700399","ChIJiwo5TKeSE2sRlEH6lKqN5UM","5541","(?i)COLES\s+EXPRESS\b.*(\b17\b|SUTTON\s+FO)","[`COLES EXPRESS SUTTON FO SUTTON FOREST`, `COLES EXPRESS 17,SUTTON FOREST`]"
"Coles Express - Willoughby","","27e66508-ce33-4b55-892f-e050307312e2","","616-626 Willoughby Rd, Willoughby NSW 2068, Australia","-33.80601","151.19868","","33219cec-c14d-462f-ade1-2e380dd855db","","","I328BDC957140C0BB","ChIJd-rZXc2uEmsRVdtS-0Xtq74","5541","(?i)COLES\s+EXPRESS\s+1602\b","[`COLES EXPRESS 1602        WILL`]"
"Commons Bar - Collins Street","https://www.thecommons.com.au/","0e769f64-2c37-4a45-a7ea-fec9f4fd92b9","","55 Collins St, Melbourne VIC 3000, Australia","-37.8140726","144.9718586","","671845c8-ec8e-40fe-be75-e72698e9ba90","","","","","5813","(?i)THE COMMONS CAFE & BA","[`THE COMMONS CAFE & BA     Melb`]"
"contiki","https://contiki.com.au","83f64dfc-f028-46bf-9632-f08eb0eed263","contiki.com.au.jpg","","","","24a9d23d-0dd0-43d6-ae4c-93213f80097b","","","#ccff00","","","4722","(?i)CONTIKI","[`CONTIKIHOLIDAYS Contiki SYDNEY`]"
"Coogee Pavilion","https://merivale.com/venues/coogeepavilion","8668d0c7-5db3-4251-9385-1e18a634cc6e","merivale.com-coogeepavilion.jpg","Ground Floor, Level 3/169 Dolphin St, Coogee NSW 2034, Australia","-33.9187131","151.2582441","5fb792a9-0045-4639-a3c6-edc156ccc177","","","#7fb0cc","ID79781E24A06A8AA","ChIJ2ThjI2uyEmsR6UvMBDo6FJs","5813","(?i)COOGEE (ROOFTOP|GROUND)","[`Coogee Ground, Coogee`, `Coogee Rooftop, Coogee`]"
"Corner Hotel","https://www.cornerhotel.com/","01888563-22fe-472d-ac71-0b5dc42f2145","cornerhotel.com.jpg","57 Swan St, Richmond VIC 3121, Australia","-37.8249653","144.9927588","5fb792a9-0045-4639-a3c6-edc156ccc177","","","#f2ec19","IB9844EBBE11DDDD6","ChIJ3br785JC1moR963nGxdKAcA","5813","(?i)CORNER HOTEL\s*RICHMON","[`Corner Hotel           Richmon`]"
"Cosmopolitan Cafe Bondi Junction","https://www.cosmocafe.com.au","27ac5d26-95f3-46ac-a117-8f741bef25f4","cosmocafe.com.au.jpg","203 Oxford St, Bondi Junction NSW 2022, Australia","-33.8922422","151.2495303","7fc0cb32-bd3a-49b1-8a87-75c20ac1de0b","","","","I929101FAE494E1B2","ChIJjcTeDPGtEmsRn3u8m2KnNBA","5812","(?i)(?:BONDI\s*COSMO|^BONDI JUNCTION31\b)","[`BONDI JUNCTION31,BONDI JUNCTIO`]"
"Cuppa Flower","https://www.instagram.com/cuppaflower","0f3cb87b-1213-4887-826c-ee6b94aa150d","instagram.com-cuppaflower.jpg","1/15 Allen St, Waterloo NSW 2017, Australia","-33.9023148","151.2036658","7fc0cb32-bd3a-49b1-8a87-75c20ac1de0b","","","#3f4545","I4536232DD8CC7ABF","ChIJzxrQEcSxEmsRXNj1_PGdtpg","5992","(?i)Cuppa Flower","[`Cuppa Flower Cafe Res,Waterloo`]"
"Daily Market","https://www.dailymarket.net.au","873fdb15-9ab1-490d-b44b-d1e0dfc276c6","dailymarket.net.au.jpg","","","","a362513e-58ca-41b6-a5c0-e1dbd202d504","","","#d93341","","","5411","",""
"Daily Market - Kambri","","6912173b-7570-4110-8358-1ac335503c7e","","Joplin Ln B156-B1 Kambri, The Australian National University, Acton ACT 2601, Australia","-35.2774671","149.1202486","","873fdb15-9ab1-490d-b44b-d1e0dfc276c6","","","ID4D57AE4C7F106B0","ChIJH2uTPGZNFmsRfVosH_tO9Yg","5411","(?i)THIRSTY CAMEL DAILY","[`THIRSTY CAMEL DAILY, ACTON`, `THIRSTY CAMEL DAILY      ACTON       ACT`, `THIRSTY CAMEL DAILY    ACTON`]"
"Dame","https://www.dame.melbourne/","ada66c4a-7f52-4d73-b55f-74f86550aef9","dame.melbourne.jpg","Atrium entry, 35 Collins St, Melbourne VIC 3000, Australia","-37.8138577","144.9727233","5fb792a9-0045-4639-a3c6-edc156ccc177","","","#451c28","I45538D0B448840E2","ChIJ28PiKa9D1moR0HqAWBwzQPk","5812","(?i)Dame","[`LS Dame Melbourne      Melbour`]"
"Daramalan College","https://www.daramalan.act.edu.au","bd9f3e49-20b2-479d-b1e1-53679995c47b","daramalan.act.edu.au.jpg","121 Cowper St, Dickson ACT 2602, Australia","-35.2530895","149.1377308","17a59adf-6a01-4337-9a64-1c7b472a7b39","","","","I7F5DE42DEC1E87CB","ChIJFeFCZY1SFmsRjunxMVvbGi0","8211","(?i)^DARAMALAN COLLEGE",""
"David Jones","https://davidjones.com","25786bfd-f742-4c69-8d3c-7b986bf5df52","davidjones.com.png","","","","8c798ad6-8bea-4ba3-84fd-405332cf4750","","","#000000","","","5311","(?i)DAVID JONES",""
"David Jones - Bondi Junction","","83a5cedc-b746-4f4f-b2d5-a559d075dd91","","Westfield Bondi Junction, 500 Oxford St, Bondi Junction NSW 2022, Australia","-33.8912876","151.250345","","25786bfd-f742-4c69-8d3c-7b986bf5df52","","","I1FD47D19A120AA05","ChIJs9fqnPGtEmsRBoH2mmgH-v0","5311","(?i)DAVID\s+JONES\s+BONDI\s+JUNCT","[`DAVID JONES BONDI JUNCT BONDI JUNCTION`]"
"David Jones - Bourke Street Mall","","49db4e97-5a85-409f-b6d6-5617df402625","","310 Bourke St, Melbourne VIC 3000, Australia","-37.8134283","144.9644169","","25786bfd-f742-4c69-8d3c-7b986bf5df52","","","IFFE4565E4767E0C0","ChIJPfCchrVC1moRpqxgA-A9c_I","5311","(?i)DAVID\s+JONES\s+BOURKE\s+STRE?","[`DAVID JONES BOURKE STRE MELBOURNE`]"
"David Jones - Elizabeth Street","","9b225438-b6a1-4b46-a54e-c9fe94274d15","","86-108 Castlereagh St, Sydney NSW 2000, Australia","-33.8701268","151.2099337","","25786bfd-f742-4c69-8d3c-7b986bf5df52","","","I6A04270F3C8AD42E","ChIJZR3BzT-uEmsRsfdt17SmrQw","5311","(?i)DAVID\s+JONES\s+ELIZABETH\s+S","[`DAVID JONES ELIZABETH S SYDNEY`]"
"David Jones - Hornsby","","b8eae40d-4b05-48c6-977c-5ba92fa1ae4e","","Westfield Hornsby, 236 Pacific Hwy, Hornsby NSW 2077, Australia","-33.7046818","151.099464","","25786bfd-f742-4c69-8d3c-7b986bf5df52","","","I23455E6AC694DDD1","ChIJOfZAgIOnEmsRxnnJzxcxBhE","5311","(?i)DAVID\s+JONES\s+HORNSBY","[`DAVID JONES HORNSBY     HORNSBY`]"
"digiDirect","https://digidirect.com.au","79f1be93-070c-4d64-bd47-214a02fc169d","digidirect.com.au.png","","","","95457cc9-5aee-4132-b3d1-f514f2be97d5","","","#F05A25","","","5946","(?i)DIGIDIRECT","[`DIGIDIRECT`]"
"digiDirect - Sydney","","9466c1c2-fe37-4f86-a8c7-dd4e81244910","","Shop 3/75 King St, Sydney NSW 2000, Australia","-33.8687464","151.2063756","","79f1be93-070c-4d64-bd47-214a02fc169d","","","I99772E0889D1C32F","ChIJz6Z6bz-uEmsRNDpdSFfoGLE","5946","(?i)DIGIDIRECT\s+SYDNEY","[`DIGIDIRECT              SYDNEY`]"
"DJI Store - Bondi Junction","","516dbe91-12e8-44a9-807b-7962582d98d2","","Westfield Bondi Junction, Shop 3022, Level 3/500 Oxford St, Bondi Junction NSW 2022, Australia","-33.8929368","151.2499967","","0de7710c-8820-43ed-ba15-fa921dc57426","","","IA926FE273D5ADF2B","ChIJ0dTOWzatEmsRVEGBzSjnpvE","5732","(?i)DJI\s+STORE\s+BONDI\s+JUNCT","[`DJI Store Bondi Junct  Bondi J`, `DJI TECHNOLOGY AUSTRALI KEYSBOROUGH`]"
"DJI Store - Pitt Street Mall","","f16c6237-b838-497d-b37f-351b17845233","","Westfield Sydney, Shop 1023A Level 1/188 Pitt St, Sydney NSW 2000, Australia","-33.8701109","151.2089071","","0de7710c-8820-43ed-ba15-fa921dc57426","","","I4A2E5BEDD91A5348","ChIJB2ztGRavEmsRNDl7uYb-O-k","5732","(?i)DJI\s+STORE\s+PITT\s*ST","[`DJI Store PittSt Mall    Sydney      NSW`]"
"Dockside Cafe","https://docksidecoffeehouse.com.au","e5d8204f-9b36-4b82-8dd9-ab826b028953","docksidecoffeehouse.com.au.png","29 Eastlake Pde, Kingston ACT 2604, Australia","-35.312061","149.1462064","5fb792a9-0045-4639-a3c6-edc156ccc177","","","","","","5812","(?i)DOCKSIDE CAFE\s*CANBERRA","[`DOCKSIDE CAFE            CANBERRA    ACT`]"
"Double Shot Deakin","https://www.doubleshotdeakin.com.au","21ac1927-86e3-4743-a827-8e54dd404bef","doubleshotdeakin.com.au.png","Shop/7 Hopetoun Cct, Deakin ACT 2600, Australia","-35.3144353","149.1078919","5fb792a9-0045-4639-a3c6-edc156ccc177","","","#000000","IC0CF85BF47891773","ChIJcQCYU8xMFmsR8W8XxhpCOOo","5812","(?i)DOUBLE SHOT","[`DOUBLE SHOT DEAKIN      DEAKIN`, `LSP*Double Shot Deakin, Deakin`, `DOUBLE SHOT`]"
"Dr Goodes","https://drgoodes.com.au","a531e4d4-a65f-4516-8b5d-a14d6beed745","drgoodes.com.au.jpg","27-33 Oxford St, Paddington NSW 2021, Australia","-33.8829233","151.2203986","ca07d968-abe5-4ab5-8868-39d6bbae9d39","","","#b0361b","IAE0ED02934E45B0E","ChIJ5Z8wkAuvEmsRo2myrGmzejw","5813","(?i)Dr\s*goodes","[`Drgoodes               Padding`, `Drgoodes, Paddington`]"
"Dymocks","https://dymocks.com.au","363fd9f2-b915-47a6-8102-ee2ed5777892","dymocks.com.au.jpg","","","","186d9b38-6124-4811-89d6-b4970700059a","","","#e41a37","","","5942","(?i)DYMOCKS","[`DYMOCKS`, `DYMOCKS PTY LTD TA DYMOCKS SYDNE`, `DYMOCKS BOOKS CANBERR,CANBERRA`, `DYMOCKS SYDNEY           SYDNEY`]"
"Dymocks - George St","https://www.dymocks.com.au/stores/Dymocks+Sydney","b65d4bf5-22bd-484d-834e-77210d388914","","424-430 George St, Sydney NSW 2000, Australia","-33.8697999","151.2070811","","363fd9f2-b915-47a6-8102-ee2ed5777892","","","I4FE0E6293F90C1AE","ChIJwZtEpz-uEmsR_KVgqT4EtLU","5942","(?i)^DYMOCKS PTY LTD TA DYMO SYDNEY","[`DYMOCKS PTY LTD TA DYMO SYDNEY`]"
"Early Edition","https://earlyedition.cafe","c8a771b6-5fab-472b-b0b3-c9010b22e262","earlyedition.cafe.png","2 Trevillian Quay, Kingston ACT 2604, Australia","-35.31206","149.1462347","5fb792a9-0045-4639-a3c6-edc156ccc177","","","","I6F339BF2E878C664","ChIJhzpGXjhNFmsRPeU1WNDBqBQ","5812","(?i)EARLY EDITION","[`SQ *EARLY EDITION        Kingston    AC`]"
"Eckersley's","https://www.eckersleys.com.au/craft","5e161d9b-c886-4ed3-8dfb-c0a5769e2a6f","eckersleys.com.au.jpg","","","","18c59161-4dfb-483f-8d77-16df3298c21b","","","","","","5970","(?i)ECKERSLEYS",""
"Eckersley's Art & Craft - Braddon","https://www.eckersleys.com.au/storelocator/braddon","6bee766d-bd29-473b-8066-f0590e3e3299","","Unit 43/38 Mort St, Braddon ACT 2612, Australia","-35.2729677","149.1318723","","5e161d9b-c886-4ed3-8dfb-c0a5769e2a6f","","","","","5970","(?i)^ECKERSLEYS PTY LIMITE, BRADDON","[`ECKERSLEYS PTY LIMITE, BRADDON`]"
"Eighty Twenty","https://www.eightytwentyfood.com.au","31638000-1895-42ab-84df-433888b3c25f","eightytwentyfood.com.au.png","","","","5fb792a9-0045-4639-a3c6-edc156ccc177","","","","","","5812","(?i)EIGHTYTWENTY",""
"Eighty Twenty - Mort St Express","https://www.eightytwentyfood.com.au/civic-cafe","452f0e91-6352-48c2-bfac-d708163d757c","","19 Mort St, Canberra ACT 2601, Australia","-35.2761595","149.1307097","","31638000-1895-42ab-84df-433888b3c25f","","","","ChIJ_R7r8nZNFmsRRCRRPS5r4p4","","(?i)EIGHTYTWENTY MORT","[`SQ *EIGHTYTWENTY MORT  Canberr`]"
"Endota Spa","https://endotaspa.com.au","3509fdcd-a59b-4941-8d2c-1b312b59f8db","endotaspa.com.au.png","","","","e404caaa-4e2b-42e1-84d5-a6bde0319e7f","","","#49A750","","","7298","(?i)(?:^ENDOTA SPA|^ENDOTA)","[`ENDOTA SPA`, `ENDOTA SPA SYDNEY       SYDNEY`, `ENDOTAAU123`, `ENDOTA AUSTRALIA        SYDNEY`]"
"Epula","https://www.epula.com.au","ce450a8a-1e96-4d16-9ffd-6d4a2d095983","epula.com.au.jpg","1 Martin Pl, Sydney NSW 2000, Australia","-33.8675563","151.2080687","5fb792a9-0045-4639-a3c6-edc156ccc177","","","","IE94B985A55909471","ChIJE42rp9avEmsRF63ml5I7_jw","5812","(?i)EPULA","[`LS EPULA                SYDNEY`]"
"EQ Cafe and Bakehouse","https://eqcafe.com.au","cfddeb81-de22-4c9d-9062-cb0e03f0235a","eqcafe.com.au.png","","","","5fb792a9-0045-4639-a3c6-edc156ccc177","","","","","","5812","(?i)EQ BAKEHOUSE",""
"EQ Cafe and Bakehouse - Civic","","862434a4-ab2d-4569-85a6-58525d3f931b","","G-4, 70 Northbourne Avenue, Braddon ACT 2601","-35.270292","149.130763","","cfddeb81-de22-4c9d-9062-cb0e03f0235a","","","","","5812","(?i)EQ BAKEHOUSE CC","[`EQ BAKEHOUSE CC`, `SQ *EQ BAKEHOUSE CC    Canberr`]"
"Event Cinemas Bondi Junction","https://eventcinemas.com.au","0063261f-c6a6-47e8-9a3e-09f202ac456f","eventcinemas.com.au.png","","","","24a9d23d-0dd0-43d6-ae4c-93213f80097b","","","","","","7832","(?i)(?:EVENT CINEMAS|EVENT BONDI ONLINE)","[`EVENT CINEMAS BONDI      BONDI JUNCTI`, `EVENT CINEMAS BONDI    BONDI J`, `EVENT CINEMAS GEORGE ST SYDNEY`, `EVENT BONDI ONLINE`]"
"Fitness First","https://www.fitnessfirst.com.au","03a112bd-1f4c-40af-b9c2-c1673753fc39","fitnessfirst.com.au.png","","","","b6b02d18-a6ab-4e82-be1b-132b62f8f1b9","","","","","","7997","(?i)^Fitness First","[`DBS*Fitness First,Civic Square`, `DBS*Fitness First Canb Civic S`]"
"Flatmate Finders","https://flatmatefinders.com.au","3a97a14e-8909-442e-bdd6-d04c528d1c89","flatmatefinders.com.au.png","","","","c9e1fc38-70b3-4517-82e2-a53bdea540d2","","","#24bdc5","","","6513","(?i)FLATMATE FINDERS","[`FLATMATE FINDERS         WATERLOO`]"
"Flour And Stone","https://flourandstone.com.au","da989ef0-1dd4-42b6-94a1-4fbe7da676c4","flourandstone.com.au.png","43 Riley St, Woolloomooloo NSW 2011, Australia","-33.8733196","151.2153187","5fb792a9-0045-4639-a3c6-edc156ccc177","","","","IB066F09BAB0EBF34","ChIJmxHxbxSuEmsRO46iD58uWdU","5462","(?i)^FLOUR (?:AND )?STONE","[`FLOUR AND STONE PANTRY  Woolloomooloo`, `FLOUR STONE`]"
"Fonda","https://fondamexican.com.au","00a6caab-f093-4854-9d14-0ee9aae0c354","fondamexican.com.au.jpg","Bunda Street, Canberra Australian Capital Territory, Australia","-35.29885","149.127306","5fb792a9-0045-4639-a3c6-edc156ccc177","","","#750035","","","5812","(?i)^FONDA (?:- )?CANBERRA","[`FONDA - CANBERRA         CREMORNE    VIC`, `FONDA - CANBERRA       CREMORN`, `FONDA CANBERRA          CREMORNE`]"
"Four Frogs Creperie","https://fourfrogs.com.au","04df7808-6cc7-45a3-8039-03ce85f52025","fourfrogs.com.au.png","","","","5fb792a9-0045-4639-a3c6-edc156ccc177","","","#ec0224","","","5812","",""
"Four Frogs Creperie - Lane Cove","https://fourfrogs.com.au","108683ed-f896-4b46-9879-55b1979543f8","","115 Longueville Rd, Lane Cove NSW 2066, Australia","-33.8143182","151.1695735","","04df7808-6cc7-45a3-8039-03ce85f52025","","","I78BD665E16EA8351","ChIJQwFBfcuvEmsRmsHcWmmjxsw","5812","(?i)FOUR FROGS CREPERIE","[`FOUR FROGS CREPERIE LAN LANE COVE`]"
"Franco Of Canberra","https://www.francoofcanberra.com.au/","c0fafe4d-2537-4a8f-9f23-a518932bc8d7","francoofcanberra.com.au.jpg","Sydney Bldg, 15 E Row, Canberra ACT 2601, Australia","-35.2792918","149.1302939","EFD8E440-E890-40C9-9B45-1764DFEEA2A2","","","#1abcb9","I32372B2C558B897F","ChIJKWP6PUJNFmsRVGMV-IPiwLw","5812","(?i)^FRANCO OF CANBERRA","[`Franco of Canberra       Canberra    ACT`, `FRANCO OF CANBERRA 1234 CANBERRA`, `Franco of Canberra, Canberra`]"
"Gelatissimo","https://www.gelatissimo.com.au/","5130ce62-4fe7-4842-9ac8-1660b6c0f3c5","gelatissimo.com.au.jpg","","","","5fb792a9-0045-4639-a3c6-edc156ccc177","","","#fb723e","","","5451","(?i)GELATISSIMO","[`GELATISSIMO`]"
"Gelatissimo - Circular Quay","https://www.gelatissimo.com.au/","90a3f596-891b-4fa4-a5a7-63042cddf0e0","","Circular Quay Esplanade, Alfred St, C2, Circular Quay NSW 2000","-33.860401","151.209595","","5130ce62-4fe7-4842-9ac8-1660b6c0f3c5","","","I48BF30D008EB24B1","ChIJ2e7g0mmuEmsRfjNbT779tcI","5451","(?i)Gelatissimo CQ","[`Gelatissimo CQ, Sydney`, `Gelatissimo Cq Sydney`]"
"Gelatissimo - Lane Cove","https://gelatissimo.com.au/","6be531a6-b2db-44ac-b634-2e852f7ac690","","32a Burns Bay Road, Shop 1, Lane Cove NSW 2066","-33.815071","151.168961","","5130ce62-4fe7-4842-9ac8-1660b6c0f3c5","","","I6E5223203D6188B9","ChIJAVNHmz6vEmsRs6RpSeKSlv0","5451","(?i)^GELATISSIMO LANE COVE","[`GELATISSIMO LANE COVE   LANE COVE`]"
"Gelato Messina - Bondi","https://gelatomessina.com","bfb79f51-a8ec-402d-8ccf-2e737b4dfffe","","G6/61 Hall Street, Bondi NSW 2026, Australia","-33.8897503","151.2717846","","ba075074-fb97-480f-bcf7-3171d5cb1e78","","","I9297AE6E486B0FE0","ChIJv4Yi1putEmsRA_j3UpxaCy0","5451","(?i)^Gelato Messina B, Bondi","[`Gelato Messina B, Bondi`]"
"Gelato Messina - Circular Quay","https://gelatomessina.com","ac99d069-09d6-4335-9a56-93451ad3aaa4","","Shop G-10, Gateway Plaza, 1 Macquarie Place, Sydney NSW 2000","-33.8617873","151.2094882","","ba075074-fb97-480f-bcf7-3171d5cb1e78","","","I94162F49B64CF413","ChIJlyAUd0KuEmsRUUgk0FiWG14","5451","(?i)(?:^CIRCULAR QUAY MESSI|^MESSINA CIRC QUAY)","[`MESSINA CIRC QUAY        Sydney      NSW`, `MESSINA CIRC QUAY, Sydney`, `LS CIRCULAR QUAY MESSI  SYDNEY`, `LS Circular Quay Messi, Sydney`]"
"Gelato Messina - Manly","https://gelatomessina.com","7f3b4fd8-9c96-460b-b85e-4b015fe7fe0d","","1-3 Sydney Rd, Manly NSW 2095","-33.7968947","151.2852374","","ba075074-fb97-480f-bcf7-3171d5cb1e78","","","ICA60BC2C310F8D54","ChIJ2daIM7erEmsR1SZt2rpox8Q","5451","(?i)^Gelato Messina Manly","[`Gelato Messina Manly, Manly`]"
"Gelato Messina - Martin Place","https://gelatomessina.com","efa6d844-ddff-4d25-8cc5-d8d921312571","","25 Martin Pl, Sydney NSW 2000, Australia","-33.8680364","151.2069335","","ba075074-fb97-480f-bcf7-3171d5cb1e78","","","I98EB6DD0DE79FC2D","ChIJE951peuvEmsR1mvqOtjdawI","5451","(?i)MESSINA MARTIN PLACE","[`MESSINA MARTIN PLACE`, `Messina Martin Place, Sydney`]"
"Gelato Messina - Newtown","https://gelatomessina.com","95ed8499-b1f4-4450-b8b2-9382dfaf0dcf","","258 King St, Newtown NSW 2042, Australia","-33.8960018","151.1786782","","ba075074-fb97-480f-bcf7-3171d5cb1e78","","","IED38C735CE074F2E","ChIJ5XeU3zOwEmsRwge_Fwkrnxo","5451","(?i)^NEWTOWN MESSINA","[`LS NEWTOWN MESSINA`, `LS NEWTOWN MESSINA      NEWTOWN`]"
"Gelato Messina - The Star","https://gelatomessina.com","0f116c4b-ca7a-49fe-9946-c4fb1d838b50","","The Star Cafe Court, Level G/80 Pyrmont Street, Pyrmont NSW 2009","-33.8695461","151.1955176","","ba075074-fb97-480f-bcf7-3171d5cb1e78","","","IEB6CE85ECA4E2A15","ChIJ1-v38TauEmsR6WtO5HuvUrU","5451","(?i)^Gelato Messina - SC\s+Pyrmont","[`Gelato Messina - SC      Pyrmont     NSW`]"
"GG Street Bar","https://www.ggespresso.com.au","ac47eb8e-c1e0-4378-b403-c9c563138b20","ggespresso.com.au.jpg","","","","5fb792a9-0045-4639-a3c6-edc156ccc177","","","#cd0610","","","5813","(?i)^GG STREET","[`SQ *GG STREET BAR, Mascot`, `GG STREET BAR`, `GG STREET BAR MASCOT`, `SQ *GG STREET BAR        Mascot      NS`]"
"Giovanni's Pizza","https://giovannispizza.com.au","1534f8a4-66f1-475f-b15a-b93c300cc7fe","giovannispizza.com.au.png","437A Miller St, Cammeray NSW 2062, Australia","-33.822503","151.2104385","5fb792a9-0045-4639-a3c6-edc156ccc177","","","#e1142a","I18F9E5307B5A2419","ChIJZRK_sAOvEmsRZljf7jwf4LI","5812","(?i)Giovanni's Pizza","[`Giovanni's Pizza Cammeray`]"
"Glory Days Bondi","https://www.glorydaysbondi.com.au/","4e4d53e2-1f84-4bfc-b0f2-b9ccd459c097","glorydaysbondi.com.au.jpg","Bondi Pavilion, Shop/3 Queen Elizabeth Dr, Bondi Beach NSW 2026, Australia","-33.8901336","151.2777187","5fb792a9-0045-4639-a3c6-edc156ccc177","","","#bfa0c8","IC72BD7F16D24ED9D","ChIJRZ2txJetEmsRSARAm9MqdyY","5812","(?i)^GLORY DAYS","[`GLORY DAYS BONDI, SYDNEY`]"
"Greenhouse","https://www.instagram.com/greenhousecoffeeco","874672ff-f012-49e2-995b-3a57cc02d039","instagram.com-greenhousecoffeeco.jpg","Shop CF38/148 Bunda St, Canberra ACT 2601, Australia","-35.2799668","149.135661","5fb792a9-0045-4639-a3c6-edc156ccc177","","","","","","5812","(?i)(?:THE GREEN HOUSE CAFE|^The Green House)","[`LSP*The Green House C,Canberra`, `THE GREEN HOUSE CAFE C   NGUNNAWAL   ACT`]"
"Haigh's","https://www.haighschocolates.com.au/","eb4c75a4-4157-43de-ad67-33c749aff9d4","haighschocolates.com.au.jpg","","","","5fb792a9-0045-4639-a3c6-edc156ccc177","","","#492c17","","","5441","(?i)^HAIGH'?S","[`HAIGHS CANBERRA`, `HAIGH'S  - 30010        SYDNEY`, `HAIGH'S CHOCOLATES      CANBERRA`, `HAIGHS CHOCOLATES`]"
"Haileybury","https://www.haileybury.com.au","8132e2b2-5708-40d4-8819-94f078b4bfa6","facebook.com-haileyburyschool.jpg","855 Springvale Rd, Keysborough VIC 3173, Australia","-37.9934198","145.1443898","17a59adf-6a01-4337-9a64-1c7b472a7b39","","","","IB6CB6FB9CE524D5E","ChIJLZPzfC4T1moRj8k2q-pKa-c","8211","(?i)^HAILEYBURY\b",""
"Harbourfront Seafood Restaurant Sydney The Rocks","https://thevenuesco.au","9427275f-6ed9-439c-9ec4-7a02f3d8334a","thevenuesco.au.png","","","","5fb792a9-0045-4639-a3c6-edc156ccc177","","","","","","5812","(?i)^HARBOURFRONT","[`HARBOURFRONT SEAFOOD RE THE ROCKS`]"
"Harris Farm Markets","https://harrisfarm.com.au","ef298201-5bde-4d26-b77d-eda5f6d6db82","harrisfarm.com.au.jpg","","","","a362513e-58ca-41b6-a5c0-e1dbd202d504","","","#045445","","","5411","(?i)^(?:Harris Farm Markets|HFM\b)","[`HARRIS FARM MARKETS PTY SYDNEY`, `HFM BROADWAY, BROADWAY`, `HARRIS FARM MARKETS`, `Harris Farm Markets 0293943111 `]"
"Harris Farm Markets - Bondi Beach","https://www.harrisfarm.com.au/pages/bondi-beach","714f3f58-b312-4dfb-8546-23568a72fe74","","61 Hall St, Bondi Beach NSW 2026, Australia","-33.889659","151.2717788","","ef298201-5bde-4d26-b77d-eda5f6d6db82","","","I44BDAD25C835DE07","ChIJf0CnfZmtEmsRO_3CPNEpse0","5411","(?i)(?:HARRIS FARM MARKET,?\s*BONDI|HFM BONDI BEACH)","[`HARRIS FARM MARKET,BONDI BEACH`, `HFM BONDI BEACH           BOND`]"
"Harris Farm Markets - Bondi Junction","https://www.harrisfarm.com.au/pages/bondi-westfield","5a0b2a31-3900-49b9-b761-cc196a154e97","","Level 1, Westfield Bondi Junction, 500 Oxford Street, Bondi Junction NSW 2022","-33.8929381","151.2500097","","ef298201-5bde-4d26-b77d-eda5f6d6db82","","","I7DC3EE5BEA1701E7","ChIJjzXra_GtEmsRiEjuaTa1MXc","5411","(?i)(?:^HARRIS FARM MARKETS      BONDI JUNCTI|^HARRIS FARM MAR1,BONDI)","[`HARRIS FARM MAR1,BONDI JUNCTIO`, `HARRIS FARM MARKETS      BONDI JUNCTI`]"
"Harris Farm Markets - Broadway","https://www.harrisfarm.com.au/pages/broadway","4f89ada1-3f9d-4449-8f7c-4db73fd763fa","","broadway","-33.884224","151.196122","","ef298201-5bde-4d26-b77d-eda5f6d6db82","","","","","5411","(?i)^(?:HARRIS FARM MARKETS\s+BROADWAY|HFM BROADWAY)","[`HFM BROADWAY QPS, BROADWAY`, `HARRIS FARM MARKETS     BROADWAY`]"
"Harris Farm Markets - Cammeray","https://www.harrisfarm.com.au/pages/cammeray","3a8b0820-a161-4714-a871-28433821ceb6","","Shop CG01/02, Building C, Stockland Cammeray, 450 Miller Street, Cammeray NSW 2062","-33.8231984","151.2099284","","ef298201-5bde-4d26-b77d-eda5f6d6db82","","","IB8AD516D9614535D","ChIJ4bmQpsCuEmsR4cQh0hB6D8c","5411","(?i)^HARRIS FARM MARKETS     CAMMERAY","[`HARRIS FARM MARKETS     CAMMERAY`]"
"Harris Farm Markets - Cooks Hill","https://www.harrisfarm.com.au/pages/cooks-hill","21425324-bec9-403f-9fe7-b9c2bccb9d27","","227 Darby Street, Cooks Hill NSW 2300","-32.9352449","151.7687406","","ef298201-5bde-4d26-b77d-eda5f6d6db82","","","I3095C7B6F0E8A03D","ChIJXSWr_pgVc2sR1hnONdmzbNk","5411","(?i)(?:^HARRIS FARM MARKETS NEW COOKS HILL|^HARRIS FARM MARKET NEWCASTLE)","[`HARRIS FARM MARKET NEWCASTLE`, `HARRIS FARM MARKETS NEW COOKS HILL`]"
"Harris Farm Markets - Lane Cove","https://www.harrisfarm.com.au/pages/lane-cove","5f9c1d9c-8f08-42dd-9f3e-64ad5f62f958","","56-60 Burns Bay Road, Lane Cove NSW 2066","-33.8147452","151.1676517","","ef298201-5bde-4d26-b77d-eda5f6d6db82","","","I493368EFFC2E3E7B","ChIJUQT2WgmvEmsRcPmZsi1no9I","5411","(?i)(?:^HARRIS FARM MARKETS PT   LANE COVE|^HARRIS FARM MARKETS PTY LANE COVE)","[`HARRIS FARM MARKETS PTY LANE COVE`, `HARRIS FARM MARKETS PT   LANE COVE`]"
"Harry's Bondi","https://theharrysfamily.com.au","4a87c43f-da7c-47e2-8db6-5f408cbb4d82","theharrysfamily.com.au.png","","","","5fb792a9-0045-4639-a3c6-edc156ccc177","","","","","","5812","(?i)HARRY'S BONDI","[`HARRY'S BONDI 12345     BONDI BEACH`]"
"Harvest Coffee","https://www.harvestcoffee.com.au","ab9b0044-d217-4fb9-b162-09d1d278b0ef","harvestcoffee.com.au.jpg","40 Marcus Clarke St, Canberra Australian Capital Territory 2601, Australia","-35.29885","149.127306","5fb792a9-0045-4639-a3c6-edc156ccc177","","","","","","5812","(?i)^Harvest Coffee         CANBERR","[`Harvest Coffee         CANBERR`]"
"Hat World - The Rocks","https://www.hatworld.com.au","f4e985c3-23c1-426c-9e53-6358684a731b","hatworld.com.au.jpg","125 George St, The Rocks NSW 2000, Australia","-33.86012","151.208508","b3c87990-a047-49e1-a28b-ce3a50737a06","","","","I89C7F8023EBA4D0C","ChIJkXbKyUKuEmsRVMNBEX9YIIA","5699","(?i)^HAT WORLD","[`HAT WORLD AUSTRALIA - T THE ROCKS`]"
"Haven Coffee","https://havencoffee.com.au","05208ab2-73c6-46c8-bb7e-b5856d7fd691","havencoffee.com.au.jpg","1/34 Ebsworth St, Zetland NSW 2017, Australia","-33.9066504","151.2053162","7fc0cb32-bd3a-49b1-8a87-75c20ac1de0b","","","#f8f7f4","IE91E84C1EAB6103E","ChIJtzpfw3SxEmsRQbdHX_FjpgA","5812","(?i)^HAVEN COFFEE            Zetland","[`HAVEN COFFEE            Zetland`]"
"Hecho en Mexico","https://hechoenmexico.com.au","e4ec5a35-78b3-42fd-99fa-c8b1c8f3888b","hechoenmexico.com.au.jpg","","","","5fb792a9-0045-4639-a3c6-edc156ccc177","","","","","","5812","",""
"Hecho en Mexico - Kingston Foreshore","","2998c012-1535-400f-bf02-a2f8dfea49ab","","27 Eastlake Parade, Kingston ACT 2604, Australia","-35.311791","149.1459729","","e4ec5a35-78b3-42fd-99fa-c8b1c8f3888b","","","IF4146955FF76AA5C","ChIJ4xqouj9NFmsRAqEmxnTcnKI","5812","(?i)(?:Que Pasa Canberra ,Canberra|^HECHO EN MEXICO K)","[`LS Que Pasa Canberra ,Canberra`, `SQ *HECHO EN MEXICO K,Kingston`]"
"Hector's Bakery","","fad82593-c979-4bdd-9a94-1a21c4b80ac8","","33 Stewart St, Richmond VIC 3121, Australia","-37.8237757","144.9908639","","09ce6c78-bcc5-458f-9031-64fa6c50fdd4","","","I6441DAEC88EFE5CF","ChIJ5SiiPaVD1moReQEViHlGa-g","5462","(?i)^Hector's Deli\s+Richmon","[`Hector's Deli          Richmon`]"
"Hector's Deli","https://hectorsdeli.com.au","09ce6c78-bcc5-458f-9031-64fa6c50fdd4","hectorsdeli.com.au.jpg","","","","5fb792a9-0045-4639-a3c6-edc156ccc177","","","#f34230","","","5814","",""
"Hero Sushi","https://herosushi.com.au/","48ae731a-9ad9-416d-a894-759ac9207289","herosushi.com.au.jpg","","","","4b6581ca-31d4-4fd2-b0fa-8525d5392cc7","","","","","","5814","(?i)(?:Hero Sushi Canbe1,Canberra|^Hero Sushi Canberr)","[`SMP*Hero Sushi Canberr Canberr`, `SMP*Hero Sushi Canbe1,Canberra`, `SMP*Hero Sushi Canberr   Canberra    ACT`]"
"Hertz","https://www.hertz.com.au","510eeecb-e015-40d7-8de2-938f5056024d","hertz.com.au.png","8 Kemble Ct, Mitchell ACT 2911, Australia","-35.2199025","149.1397045","754afd10-c567-4791-bad8-41586dc5978a","","","","IF31DEDE2F96661F8","ChIJ3-h5tg9TFmsR4M2kD6jsy8M","7512","(?i)(?:HERTZ|THRIFTY) MITCHELL","[`HERTZ MITCHELL`, `THRIFTY MITCHELL THRIFT MITCHELL`]"
"Higher Ground","https://highergroundmelbourne.com.au/","3a7e138c-a7c0-4943-987f-a149d4d65791","highergroundmelbourne.com.au.jpg","650 Little Bourke St, Melbourne VIC 3000, Australia","-37.8157491","144.9530438","5fb792a9-0045-4639-a3c6-edc156ccc177","","","","I892DE75869D62E3F","ChIJ-R8fAE9d1moR3yFuI2x1z00","5812","(?i)^HIGHER GROUND","[`HIGHER GROUND           MELBOURNE`, `HIGHER GROUND          MELBOUR`]"
"Hilton - Sydney","https://www.hilton.com/en/hotels/sydhitw-hilton-sydney","d5f22230-0ad7-4945-adaf-7a126a07aef2","","488 George St, Sydney NSW 2000, Australia","-33.8717731","151.2079742","","128c8249-5a57-4ea6-acba-424339c8e775","","","IC9EC7585D956EBA2","ChIJ8SCH9D6uEmsRmLf5TRKGy-Q","7011","(?i)HILTON SYDNEY","[`HILTON SYDNEY           SYDNEY NSW`]"
"Hinataya","https://www.hinataya.com.au/","4e4dad08-818b-43b1-b2c0-3f9fa7e3f86b","hinataya.com.au.jpg","","","","5fb792a9-0045-4639-a3c6-edc156ccc177","","","#f0ca2a","","","5812","(?i)^HINATAYA","[`SQ *HINATAYA, Mascot`, `HINATAYA`, `HINATAYA                Mascot`, `SQ *HINATAYA             Mascot      NS`]"
"Hobbyco","https://hobbyco.com.au","7b3083fb-6bfc-4cec-acf0-c637d2fbf38f","hobbyco.com.au.png","","","","18c59161-4dfb-483f-8d77-16df3298c21b","","","#eb2e28","","","5945","(?i)^HOBBYCO","[`HOBBYCO CHATSWOOD       CHATSWOOD`]"
"Hoyts","https://hoyts.com.au","24d6eda8-af5e-48cd-91fc-db0271c2cd5c","hoyts.com.au.png","","","","24a9d23d-0dd0-43d6-ae4c-93213f80097b","","","","","","7832","(?i)HOYTS","[`THE HOYTS CORPORATIO     BROADWAY`, `HOYTS                   SYDNEY`, `THE HOYTS CORPORATION P CHATSWOOD`, `The Hoyts Corporatio Brookvale`]"
"Hub","https://hubaustralia.com","e161bb09-8692-471b-9c26-b62310d07539","hubaustralia.com.png","","","","c1b28755-f543-4efb-a1f4-6f87fa7786b5","","","","","","6513","(?i)(?:^HUB\b|^HubCivicQuarter)","[`HubCivicQuarter     1234567890`, `HUB CIVIC QUARTER        CANBERRA    ACT`, `HUB CIVIC QUARTER`, `HUB CIVIC QUARTER      CANBERR`, `HUB CIVIC QUARTER, CANBERRA`]"
"Hubbl","https://hubbl.com.au","50154bc3-0905-411c-9a1e-24d88f44d6b8","hubbl.com.au.png","31 Epping Rd, North Ryde NSW 2113, Australia","-33.799543","151.140782","12447229-0d7e-4cc1-9de2-cc6e333c5e94","","","#2ff4b1","","","4899","(?i)^HUBBL","[`HUBBL`, `HUBBL - PURCHASE        NORTH RYDE`]"
"IG Australia","https://ig.com","489e03c1-59fd-4e82-8098-73ed0131c82f","ig.com.png","","","","e4d456df-0567-416a-ba4a-3f8178f83a11","","","#e01b1c","","","6211","(?i)^IG Australia","[`IG Australia - Funds Transfer`]"
"IGA","https://www.iga.com.au","84d40448-676f-4f1d-ba3b-ab85bb7d22cd","iga.com.au.jpg","","","","a362513e-58ca-41b6-a5c0-e1dbd202d504","","","#242629","","","5411","",""
"Interactive Brokers","https://www.interactivebrokers.com.au","a4c3fd07-b88e-402c-abcc-b2e07116a241","interactivebrokers.com.au.png","","","","e4d456df-0567-416a-ba4a-3f8178f83a11","","","","","","6211","(?i)^INTERACTIVE BROKERS","[`Interactive Brokers Australia Pty Ltd`]"
"InterContinental - Double Bay","https://www.ihg.com/intercontinental/hotels/us/en/sydney/sydic/hoteldetail","417d8ae7-1b89-430b-8ca1-52b9bc58b13a","","33 Cross Street, Double Bay NSW 2028","-33.8760146","151.2430457","","41a8db65-113c-4693-bd47-96258be15075","","","ICE056F7D2A6B9427","ChIJVWBDct2tEmsR6topqEre0Eg","7011","(?i)INTERCONTINENTAL SYDNEY DOUBLE BAY","[`INTERCONTINENTAL SYDNEY DOUBLE BAY BY IHG`]"
"JAGA","https://jaga.com.au","b4065cd1-223a-436d-acf5-85fcf1c0bac5","facebook.com-jagaworkspaces.jpg","","","","c1b28755-f543-4efb-a1f4-6f87fa7786b5","","","","","","6513","(?i)(?:^WWW\.JAGA\.COM\.AU|^JAGA\b)","[`WWW.JAGA.COM.AU         CANBERRA`]"
"JAGA - Allara Street","https://jaga.com.au/jaga-allara-street/","d3fda320-13c0-4a26-93b7-b343d04899ec","","Level 1/33 Allara St, Canberra ACT 2601, Australia","-35.2831344","149.1335961","","b4065cd1-223a-436d-acf5-85fcf1c0bac5","","","","ChIJXVCYP4CtF2sR6q_mGRxOD-k","6513","(?i)^JAGA ALLARA",""
"JAGA - Kingston","https://jaga.com.au/jaga-kingston","49880ad4-64e6-4ff0-a1e1-6dd1194f2498","","Unit 1-4/15 Tench St, Kingston ACT 2604, Australia","-35.3147661","149.1408274","","b4065cd1-223a-436d-acf5-85fcf1c0bac5","","","","ChIJy5COk39NFmsR8nnAEKcyugI","6513","(?i)^JAGA KINGSTON",""
"JAGA - Swanson Court","https://jaga.com.au/jaga-swanson-court","317ad87a-1980-441b-bace-5de82b803508","","Level 1/11-17 Swanson Ct, Belconnen ACT 2617, Australia","-35.2390642","149.0689282","","b4065cd1-223a-436d-acf5-85fcf1c0bac5","","","I81CBE345B64EAEB2","ChIJ2bFot4StF2sR51wyqIzWdh4","6513","(?i)^JAGA SWANSON COURT","[`JAGA SWANSON COURT      CANBERRA`]"
"Jane Surry Hills","https://www.janesurryhills.com/","9fea4121-a7f8-4650-800b-7f518e342e6a","janesurryhills.com.jpg","478 Bourke St, Surry Hills NSW 2010, Australia","-33.8870599","151.2155031","5fb792a9-0045-4639-a3c6-edc156ccc177","","","#fbb018","I4BBD0F4EB134D993","ChIJuYrpKvOvEmsRYy6keJHBp2o","5812","(?i)^Jane Surry Hills","[`LSP*Jane Surry Hills     Surry Hills AUS`]"
"JAPASU by Sang (by Sang)","https://www.bysang.com.au/","4d305508-66b1-46e3-8a79-b8b56152393c","bysang.com.au.jpg","8 Zetland Ave, Zetland NSW 2017, Australia","-33.9070931","151.2053818","5fb792a9-0045-4639-a3c6-edc156ccc177","","","","I25634C719A55E5A0","ChIJ-QKXlHOxEmsRT2pXITX8IQA","5812","(?i)^BY SANG","[`SQ *BY SANG              Zetland     NS`]"
"JB Hi-Fi","https://www.jbhifi.com.au","e315a2de-5faf-4c20-a1af-a34b0ce5b305","jbhifi.com.au.png","","","","95457cc9-5aee-4132-b3d1-f514f2be97d5","","","#feec0f","","","5732","(?i)^JB HI[- ]FI","[`JB HI FI BROADWAY, BROADWAY`, `JB HI FI WESTFIELD SYDN SYDNEY`, `JB HI-FI`]"
"JB Hi-Fi - Canberra Centre","https://www.jbhifi.com.au/pages/city-canberra","b3cdeddc-2504-4b58-b332-6c78e7838125","","Canberra Centre, 148 Bunda St, Canberra ACT 2601, Australia","-35.2796477","149.1355312","","e315a2de-5faf-4c20-a1af-a34b0ce5b305","","","I508C556BD94AD334","ChIJ_f___2hNFmsRi0ROplkrdgw","5732","(?i)^JB HI[- ]FI CANBERRA","[`JB HI FI CANBERRA CITY  CANBERRA CITY`, `JB HI-FI CANBERRA CITY  CANBERRA`]"
"JB Hi-Fi - Strand Arcade","https://www.jbhifi.com.au/pages/city-strand-arcade-pitt-st-mall","4134ce34-543a-48f5-9686-36b4307e36d9","","The Strand Arcade, 412-414 George Street, Sydney NSW 2000, Australia","-33.8693893","151.2076299","","e315a2de-5faf-4c20-a1af-a34b0ce5b305","","","I58F06E8C9D2FDF0A","ChIJL1zhdD-uEmsRUfZU7xxRuBM","5732","(?i)^JB HI FI STRAND ARCA, SYDNEY","[`JB HI FI STRAND ARCA, SYDNEY`]"
"Jetstar","https://www.jetstar.com","956c5131-e931-4067-b3a9-895020ae305e","jetstar.com.jpg","","","","51eefe6d-d029-4504-99ac-1a6a0a98250e","","","#ff9606","","","4511","(?i)JETSTAR","[`JETSTAR                 MASCOT`, `Jetstar Airways Pty Ltd - $123 - Booking Reference: ABCD12`]"
"Kayo","https://kayosports.com.au","edd05671-2fc2-41ac-ac0c-1649c09bbaaf","kayosports.com.au.png","Australia","-23.992438","134.050443","24a9d23d-0dd0-43d6-ae4c-93213f80097b","","","","","","4899","(?i)(?:^HUBBL - KAYO SPORTS     NORTH RYDE|^KAYOSPORTS)","[`KAYOSPORTS, BINGE, DAZN ARTARMON`, `HUBBL - KAYO SPORTS     NORTH RYDE`]"
"Kloob","https://kloob.com.au","2f220619-ed49-4c81-9c37-deaec9083c76","kloob.com.au.png","","","","18c59161-4dfb-483f-8d77-16df3298c21b","","","","","","5945","(?i)^KLOOB","[`KLOOB WOODEN PUZZLES`, `KLOOB WOODEN PUZZLES    Zetland`]"
"Kmart","https://kmart.com.au","28fff0c7-4184-4369-85d8-227318456578","kmart.com.au.png","","","","8c798ad6-8bea-4ba3-84fd-405332cf4750","","","","","","5310","(?i)KMART","[`KMART 1155, BROADWAY`, `KMART MULGRAVE          MULGRAVE`, `KMART BROADWAY 1155     BROADWAY`, `KMART 1372             BONDI J`]"
"Knox Grammar School","https://www.knox.nsw.edu.au","a7a34779-7e4a-4614-bc0b-afde6ed9a322","facebook.com-knoxgrammar.jpg","2 Borambil St, Wahroonga NSW 2076, Australia","-33.7245139","151.120212","17a59adf-6a01-4337-9a64-1c7b472a7b39","","","","I5AA698887A1804A0","ChIJX11fz8GnEmsR5Gwah92HOHg","8211","(?i)^KNOX GRAMMAR",""
"Koko Black","https://www.kokoblack.com","51b03310-0042-47e4-bbbe-231a7a0ad977","kokoblack.com.jpg","","","","5fb792a9-0045-4639-a3c6-edc156ccc177","","","#03bdad","","","5441","(?i)(?:^300 COLLINS|^KOKO BLACK)","[`KOKO BLACK AUSTRALIA PT COBURG`, `KOKO BLACK`, `KOKO BLACK COBURG NORTH - HEAD OFFICE`, `KOKO BLACK TOWN HALL    MELBOURNE`]"
"Koko Black - Strand Arcade","https://www.strandarcade.com.au/stores/koko-black","4363a471-b7dd-42cf-abfc-da3205593700","","412-414 George St, Sydney NSW 2000, Australia","-33.8694813","151.2081301","","51b03310-0042-47e4-bbbe-231a7a0ad977","","","I316E734BD83B3555","ChIJUWTBnj-uEmsRu07kqpsB0RY","5441","(?i)^Koko Black Strand Arca","[`Koko Black Strand Arca, Sydney`, `Koko Black Strand Arca Sydney `]"
"La Bufala","https://www.instagram.com/labufalasydney","8b193851-4286-4c79-b8e3-d3bdcb995e75","instagram.com-labufalasydney.jpg","17&18/19-33 Kent Rd, Mascot NSW 2020, Australia","-33.9231147","151.185535","5fb792a9-0045-4639-a3c6-edc156ccc177","","","","IB38EDBE8E7A0C690","ChIJs57gQVWwEmsRgoUb7G88JqM","5812","(?i)^La Bufala","[`La Bufala Pizzeria, MASCOT`]"
"La Cucina Melbourne","https://www.lacucinamelbourne.com.au/","3c04fdd4-fb00-4aca-802f-c5ae1bf107ce","lacucinamelbourne.com.au.jpg","Corner of Cosgrave lane, opposite Holey Moley, 628 Little Bourke St, Melbourne VIC 3000, Australia","-37.8156614","144.9547366","5fb792a9-0045-4639-a3c6-edc156ccc177","","","","IAA62A3A71032910B","ChIJLdrVlR5d1moRne8hjDNIZxY","5812","(?i)La Cucina Melbourne","[`La Cucina Melbourne,Point Cook`]"
"La Panineria","https://lapanineria.com.au","22f5d2e7-e814-41b8-aa90-b55847fee7ae","lapanineria.com.au.svg","280 George St, Sydney NSW, Australia","-33.865332","151.207556","5fb792a9-0045-4639-a3c6-edc156ccc177","","","","I192CA4BE692B1FC9","ChIJVxDzMwCvEmsRbIm1p3bIRmE","5814","(?i)^LA PANINERIA","[`LA PANINERIA`, `LA PANINERIA 123456     SYDNEY`, `La Panineria           Sydney `]"
"LAB ANU","https://www.instagram.com/lab.anu/","2f4b4cd3-ab92-4268-a037-57454e9f6f57","instagram.com-lab.anu.jpg","","","","5fb792a9-0045-4639-a3c6-edc156ccc177","","","","","","5812","",""
"Lake George Hotel","https://lakegeorgehotel.com.au","d680ba62-2d6a-4a84-871f-d1c3cc4dcb92","lakegeorgehotel.com.au.png","20 Gibraltar St, Bungendore NSW 2621, Australia","-35.2538955","149.4401772","5fb792a9-0045-4639-a3c6-edc156ccc177","","","","IF88EB38800BE2456","ChIJE59v_kJeFmsRNNvIJnH0k28","5813","(?i)LAKE GEORGE HOTEL","[`LAKE GEORGE HOTEL/M,Bungendore`]"
"Lamrock Cafe - Bondi Beach","https://lamrockcafe.com.au","04c64413-97ca-4925-91b2-68bfa16f6aa4","lamrockcafe.com.au.png","","","","5fb792a9-0045-4639-a3c6-edc156ccc177","","","","","","5812","(?i)Lamrock Cafe","[`LSP*Lamrock Cafe Bondi   Bondi Beach AUS`]"
"LEGO Store - Broadway","https://lego.bricksmegastore.com/","a72d9115-c834-4c3c-bbe6-dd8d3f427b8b","","Level 2, Shop 208/1 Bay St, Ultimo NSW 2007, Australia","-33.8838352","151.1947782","","a0270654-2d14-4d34-b256-7eb3d9bbc580","","","IA4FE927D39B3340B","ChIJn8ivlXqvEmsR05z5ME45GEI","5945","(?i)^LEGO CERTIFIED STORE BR BROADWAY","[`LEGO CERTIFIED STORE BR BROADWAY`]"
"LEGO Store - Canberra Centre","https://lego.bricksmegastore.com/","bd463d06-5c1a-4d3e-88f7-fde5ad5de400","","148 Bunda Street, Canberra ACT 2601, Australia","-35.29885","149.127306","","a0270654-2d14-4d34-b256-7eb3d9bbc580","","","","","5945","(?i)(?:LEGO CERTIFIED STORE CA CANBERRA CITY|^ALQUEMIE LCS PTY LTD, CANBERRA)","[`LEGO CERTIFIED STORE CA CANBERRA CITY`, `ALQUEMIE LCS PTY LTD, CANBERRA`]"
"LEGO Store - Pitt Street Mall","https://lego.bricksmegastore.com/","660d7c29-023d-4c38-938b-6317636ccb6c","","400 Pitt Street Mall, Sydney NSW 2000, Australia","-33.869838","151.208282","","a0270654-2d14-4d34-b256-7eb3d9bbc580","","","I145AC2B6EBC9B246","ChIJV5s88XOvEmsR0b7yrn4VzKk","5945","(?i)^LEGO CERTIFIED STORES A SYDNEY","[`LEGO CERTIFIED STORES A SYDNEY`]"
"Library Cafe","https://www.sl.nsw.gov.au/plan-your-visit/library-cafe","12cbdf92-8bd9-4369-822c-bc0f730bfa02","sl.nsw.gov.au.jpg","State Library of New South Wales, Macquarie Street, Sydney NSW 2000, Australia","-33.866615","151.21288","5fb792a9-0045-4639-a3c6-edc156ccc177","","","","I839291527CD3FF20","ChIJ-zNYUWquEmsRMaHK_PnWcxE","5812","",""
"Little Sparrow Melbourne Central","https://www.littlesparrow.com/","343451a9-5ea8-4d3a-833c-b4f8675cd4c4","littlesparrow.com.jpg","Level 1/211 La Trobe St, Melbourne VIC 3000, Australia","-37.8108861","144.9631418","5fb792a9-0045-4639-a3c6-edc156ccc177","","","#ffffff","IC53E79E2B66AD0BB","ChIJ4b8SbWVD1moR0OHa1701tlc","5812","(?i)^LITTLESPARROW","[`LITTLESPARROW  A1234   MELBOUR`]"
"Local Press Café","https://localpresscafe.com.au/","0cf0e5aa-6db9-4ac8-9e6a-c963e2f34e09","localpresscafe.com.au.jpg","Cnr Eastlake Parade & Giles Street, Kingston ACT 2604, Australia","-35.3126038","149.146421","5fb792a9-0045-4639-a3c6-edc156ccc177","","","","I16C97B5CC78EDB58","ChIJ_WYK2gFNFmsRiX0ut7fS7mg","5812","(?i)Local Press Cafe","[`Local Press Cafe, KINGSTON`]"
"Lollo","https://www.lollomelbourne.com/","36859adc-1246-43d4-b6b2-9137e4ffe3d4","lollomelbourne.com.jpg","408 Flinders Ln, Melbourne VIC 3000, Australia","-37.8182825","144.9600762","5fb792a9-0045-4639-a3c6-edc156ccc177","","","#212b3a","I9D3CE4EC9F4CF8D8","ChIJ6-6120xd1moRv_VhyogdHqM","5812","(?i)^W MELBOURNE","[`W MELBOURNE 12345678901 MELBOURNE`]"
"Lumos","https://lumos.com","202d23ff-38d4-4324-900e-cefcfe0b7a68","lumos.com.png","","","","7fc0cb32-bd3a-49b1-8a87-75c20ac1de0b","","","","","","5940","(?i)^LUMOS ONE DENISON,North Sydney","[`LUMOS ONE DENISON,North Sydney`]"
"Mad Paws","https://madpaws.com.au","39b3f34f-e484-46aa-b720-3b6003c831ad","madpaws.com.au.jpg","","","","b20ac619-97a0-4a09-8020-d6137ffd2560","","","","","","7299","(?i)MAD PAWS","[`MAD PAWS`]"
"Manly Wharf Hotel","https://wharfhotel.com.au","00a80d12-072d-4a4a-bfa7-2224aebb2b6e","wharfhotel.com.au.png","","","","ca07d968-abe5-4ab5-8868-39d6bbae9d39","","","","","","5813","(?i)MANLY WHARF HOTEL","[`MANLY WHARF HOTEL       MANLY`]"
"Maple + Clove","https://mapleandclove.com.au","31206e7f-f40f-40ea-93f2-0c65053cfded","mapleandclove.com.au.jpg","7 Burbury Close, Barton Australian Capital Territory 2600, Australia","-35.312816","149.132966","5fb792a9-0045-4639-a3c6-edc156ccc177","","","#020001","I3B059373C2CB3115","ChIJYw6FYuFMFmsRcP2akjoskcg","5812","(?i)MAPLE\s*&?\s*CLOVE","[`MAPLE CLOVE`, `MAPLE & CLOVE 109294    BARTON`]"
"Mapo Bondi","https://www.maponewtown.com","a23dd1a1-9db1-443b-9542-6602c6f5f386","maponewtown.com.png","","","","a362513e-58ca-41b6-a5c0-e1dbd202d504","","","","","","5812","",""
"Margot","https://margot.bar","46621a6e-2a44-4ade-b608-c8763af79aea","margot.bar.png","Queen Elizabeth Terrace, Parkes ACT 2600, Australia","-35.2964838","149.1336095","5fb792a9-0045-4639-a3c6-edc156ccc177","","","#323c3e","I123CBA0F53AD3138","ChIJ20r3K9FNFmsRJDRKoAJFshw","5813","(?i)Margot Bar","[`LSP*Margot Bar           Parkes      AUS`]"
"Martina Rose Bay","https://martinarosebay.com.au","2b9b9f10-9ddb-4c25-8e87-3bc20aa9127e","martinarosebay.com.au.jpg","51-55 O'Sullivan Rd, Rose Bay NSW 2029, Australia","-33.8727401","151.2596651","5fb792a9-0045-4639-a3c6-edc156ccc177","","","#f86d25","IB5BC631D8AB8914A","ChIJs7LlMACtEmsRYQW1qhlqbu0","5812","(?i)MARTINA PIZZERIA","[`MARTINA PIZZERIA`]"
"Matteo - Double Bay","https://www.matteosydney.com/matteo-double-bay","5a06291d-b6cd-4023-a744-c1a5d5a2b78b","matteosydney.com.jpg","29 Bay St, Double Bay NSW 2028, Australia","-33.8776565","151.2418264","5fb792a9-0045-4639-a3c6-edc156ccc177","","","","IC0F97006FE453954","ChIJ9wNyeuetEmsRbXtFKZ305cM","5812","(?i)MATTEO DOUBLE BAY","[`ZLR*MATTEO DOUBLE BAY M DOUBLE BAY`]"
"Max Brenner","https://maxbrenner.com.au","1e93fbc8-2328-42d7-88b2-51653129bb9f","maxbrenner.com.au.png","","","","5fb792a9-0045-4639-a3c6-edc156ccc177","","","","","","5812","(?i)MAX BRENNER","[`MAX BRENNER CANBERRA 14 CANBERRA`, `Max Brenner - Chip,Chippendale`]"
"Mee's Sushi","https://www.facebook.com/meessushi","047efca4-b7f0-4e29-acc8-b20f18bb68b7","facebook.com-meessushi.jpg","Canberra House, Ground floor/40 Marcus Clarke St, Canberra ACT 2601, Australia","-35.2784106","149.126918","4b6581ca-31d4-4fd2-b0fa-8525d5392cc7","","","","I19A6584587CB7013","ChIJ-2Foo0JNFmsREnjmrXT4Vrg","5814","(?i)^MEE['?]S SUSHI","[`SQ *MEE'S SUSHI, City`, `SQ *MEE'S SUSHI          City        AC`, `MEE'S SUSHI             City`, `SQ *MEE?S SUSHI          City        AC`]"
"Melbourne Grammar School","https://www.mgs.vic.edu.au","b6677a76-03f9-4556-8901-c84a761e45ff","facebook.com-melbournegrammarschool.jpg","355 St Kilda Rd, Melbourne VIC 3004, Australia","-37.8334144","144.9759836","17a59adf-6a01-4337-9a64-1c7b472a7b39","","","","I3A95F50610046E4E","ChIJDQAavqdC1moR96s2QiX6Xj4","8211","(?i)^MELBOURNE GRAMMAR",""
"Menzies Bar & Bistro","https://shellhouse.com.au","2c2092ac-e1a9-4f0a-aa42-2f150e34aae3","shellhouse.com.au.png","","","","ca07d968-abe5-4ab5-8868-39d6bbae9d39","","","","","","5812","(?i)(?:MENZIES BAR|SHELL HOUSE)","[`SHELL HOUSE             SYDNEY`, `MENZIES BAR BISTRO`]"
"Messina","https://gelatomessina.com/","ba075074-fb97-480f-bcf7-3171d5cb1e78","gelatomessina.com.jpg","","","","5fb792a9-0045-4639-a3c6-edc156ccc177","","","#673a33","","","5451","(?i)^GELATO MESSINA","[`GELATO MESSINA`]"
"Milligram","https://milligram.com","51aba5ce-3742-4ae2-8638-8cc288db8436","milligram.com.png","","","","c58ed711-9e00-4fef-8451-0f21afa677fc","","","","","","5943","(?i)^(?:SP )?MILLIGRAM\b","[`SP MILLIGRAM, MELBOURNE`]"
"MLAI","https://mlai.au/","f75e5cc7-3e14-4280-aee6-9895fea3be65","mlai.au.jpg","Ground Floor/121 King St, Melbourne VIC 3000, Australia","-37.8172589","144.9556848","17a59adf-6a01-4337-9a64-1c7b472a7b39","","","","","ChIJNevpk85d1moRGYfdzwN0YGI","5812","(?i)^MLAI\b","[`MLAI AUS\`]"
"Molto Italian","https://www.moltoitalian.com/","efb9c3bd-3096-4cc6-bc7e-a983fcf177c1","moltoitalian.com.jpg","Element Building Unit, 155/43 Eastlake Parade, Kingston ACT 2604, Australia","-35.3136273","149.1473125","5fb792a9-0045-4639-a3c6-edc156ccc177","","","","ID750B3E671AC48C4","ChIJZbIcMv5MFmsRp1JO3oLyLos","5812","(?i)^MOLTO ITALIAN","[`MOLTO ITALIAN           KINGSTON`]"
"Močan & Green Grout","https://mocanandgreengrout.net","1956a00e-8e19-407a-a290-82bffb5538db","mocanandgreengrout.net.jpg","1/19 Marcus Clarke St, Canberra ACT 2601, Australia","-35.2846999","149.1249949","5fb792a9-0045-4639-a3c6-edc156ccc177","","","","I5B422FB8D4494BC7","ChIJXZcuUUBNFmsRZVQCxh2JXfE","5812","(?i)^MOCAN\b","[`LS MOCAN AND GREEN GRO`, `LS Mocan and Green Gro   Canberra    AUS`, `LS MOCAN AND GREEN GRO  CANBERRA`, `LS Mocan and Green Gr,Canberra`]"
"Murrays Coaches","https://murrays.com.au","676d8d1d-f53d-48c0-9a6a-f7cb337a438d","murrays.com.au.png","1 Mugga Lane, Red Hill Australian Capital Territory 2603, Australia","-35.343318","149.129464","754afd10-c567-4791-bad8-41586dc5978a","","","#009370","","","4131","(?i)MURRAYS AUSTRALIA","[`MURRAYS AUSTRALIA LI1,RED HILL`, `MURRAYS AUSTRALIA LIMI  RED HILL`, `Murrays Australia Limi   Red Hill    ACT`, `Murrays Australia Limi Red Hil`]"
"MYER","https://myer.com.au","7fac81f8-ce55-40db-910f-d4f116911506","myer.com.au.png","","","","8c798ad6-8bea-4ba3-84fd-405332cf4750","","","#000000","","","5311","(?i)MYER",""
"myki","https://transport.vic.gov.au/tickets-and-myki/myki","d5969841-bd4a-4128-8a28-b107f36b5483","transport.vic.gov.au.jpeg","","","","c6178482-0efa-44dd-8add-15dbb20a09df","","","","","","4111","(?i)(?:^MYKI DISCCNTR|^myki tap)","[`MYKI DISCCNTR SCS DSC  MELBOUR`, `myki tap Transport VIC VIC`, `myki tap Transport VIC, VIC`]"
"Mövenpick Hotel - Melbourne","https://movenpick.accor.com/en/australia-pacific/australia/melbourne/hotel-melbourne-on-spencer.html","eb3d6563-f47a-47ac-9954-b3ecd3e0c96d","","160 Spencer St, Melbourne VIC 3000, Australia","-37.8174381","144.9536554","","67e44278-bc15-46c0-b733-10e08d27e4b3","","","IFE2CC0AB21259B49","ChIJK2mz_fZd1moR9Slhs0zl2lc","7011","(?i)^MOVENPICK MELBOURNE OPI","[`MOVENPICK MELBOURNE OPI MELBOURNE`]"
"National Capital Parking Authority","https://www.nca.gov.au/","03f0526b-0f55-4a2d-a230-4806f58c03e0","nca.gov.au.jpg","","","","8a0f7f6c-c9b3-4de0-b397-ed5f89522c22","","","","","","7523","(?i)^NATIONAL CAPITAL","[`NATIONAL CAPITAL AUTH    PARKES`]"
"Natty's Cafe","https://www.instagram.com/nattyscafestanmore/","2f0637da-8b68-44a2-a64e-c5b6930fc886","instagram.com-nattyscafestanmore.jpg","14 Northumberland Ave, Stanmore NSW 2048, Australia","-33.8887531","151.1674717","5fb792a9-0045-4639-a3c6-edc156ccc177","","","","I6E6DF558A56AE7A2","ChIJZx0iMyOwEmsRtkjwsmEEo8c","5812","",""
"Nature's Energy","https://naturesenergy.com.au","33831327-b7c1-4bcc-bc03-ff865ad5fe55","naturesenergy.com.au.png","","","","e404caaa-4e2b-42e1-84d5-a6bde0319e7f","","","","","","7298","(?i)NATURE.S ENERGY","[`NATURE'S ENERGY         NEWTOWN`, `SQ *NATURE?S ENERGY -, Newtown`]"
"Neko Sushi Manuka","https://www.instagram.com/meessushimanuka/","f1b28e66-cb12-4425-ab9a-22669e49ece0","instagram.com-meessushimanuka.jpg","Shop 4/1-13 Flinders Way, Griffith ACT 2603, Australia","-35.3205702","149.1334113","5fb792a9-0045-4639-a3c6-edc156ccc177","","","","IB6513C89493342F3","ChIJkeZtae9MFmsRplZZtDvqc9Q","5812","(?i)^NEKO SUSHI","[`NEKO SUSHI               Griffith    ACT`]"
"Neuron","https://www.rideneuron.com/","b804d00f-2591-4245-b909-93e957bb649e","rideneuron.com.jpeg","","","","cfc18400-14ce-401b-8855-da267c201933","","","#ed6921","","","4789","(?i)^NEURONAU\* TRIP","[`NEURONAU* TRIP-ABC, HAWTHORN`]"
"North Bondi Fish","https://northbondifish.com.au","28317f20-e240-4e07-86d6-b41d4f515ac0","northbondifish.com.au.png","120 Ramsgate Ave, North Bondi NSW 2026, Australia","-33.8904031","151.2826395","5fb792a9-0045-4639-a3c6-edc156ccc177","","","","IAE9A9657B73FB349","ChIJ70O7r3WtEmsRJsr622aiB6c","5812","(?i)NORTH BONDI FISH","[`NORTH BONDI FISH        BONDI BEACH`]"
"O-Bento","https://o-bento.com.au","b9a4b0d4-196b-4371-9939-8c0503ce8eb5","o-bento.com.au.png","46 Collins Place Plaza, Melbourne VIC 3000, AU","-37.813046","144.962398","5fb792a9-0045-4639-a3c6-edc156ccc177","","","","","","5814","(?i)^Obento","[`ZLR*Obento Collins Pla Melbour`]"
"Odd Culture","https://oddculture.group","3cf54f84-89e2-4b85-8022-08dbc1db7bf2","oddculture.group.png","266 King St, Newtown NSW 2042, Australia","-33.896091","151.181091","ca07d968-abe5-4ab5-8868-39d6bbae9d39","","","","IEE773E46D16B7EBF","ChIJ7eUkmMaxEmsRUuFbAFI2mMk","5813","(?i)Odd Culture","[`Odd Culture              Newtown     NSW`]"
"OHNO!","https://www.oh-no.com.au/","21b93f84-1a0d-4905-8e25-4bed615013bb","oh-no.com.au.jpg","13 & 15 Flinders Way, Griffith ACT 2603, Australia","-35.3205702","149.1334113","5fb792a9-0045-4639-a3c6-edc156ccc177","","","","I79FE323B16C57506","ChIJX7N6kRBNFmsRbW8d8-Ne0v0","5812","(?i)^RALDEP PTY","[`RALDEP PTY LIMITED      GRIFFITH`]"
"OnePass","https://onepass.com.au","15577923-ba11-4421-8a99-c4fd126f3b8b","onepass.com.au.png","","","","c9e1fc38-70b3-4517-82e2-a53bdea540d2","","","","","","5968","(?i)ONEPASS","[`ONEPASS SUBSCRIPTION    PERTH`]"
"Opera Bar","https://operabar.com.au","c85cc513-7c41-4206-9048-498668249528","operabar.com.au.png","","","","ca07d968-abe5-4ab5-8868-39d6bbae9d39","","","#99c3d6","","","5813","(?i)^OPERA ?BAR","[`OPERA BAR               SYDNEY`, `OPERA BAR                DOUBLE BAY  NSW`, `OPERABAR.COM.AU* ME&U   DOUBLE BAY`]"
"Paddy The Baker","https://paddythebaker.com","e63c8ea0-efd4-400d-b7df-e90f1e07711e","paddythebaker.com.jpg","","","","a362513e-58ca-41b6-a5c0-e1dbd202d504","","","","","","5462","(?i)PADDY THE BAKER","[`SQ *PADDY THE BAKER, Clovelly`]"
"PARKROYAL Melbourne Airport","https://www.panpacific.com/en/hotels-and-resorts/pr-melbourne-airport.html","c6bc82b3-09fe-4a9a-8733-e601586c0693","panpacific.com.jpg","Melbourne Airport, Arrival Dr, Tullamarine VIC 3045, Australia","-37.6707689","144.8503804","e83de4ef-e05b-4219-9a02-70b8590c7cb0","","","","I3C387D2C5A926585","ChIJ3X-jRL1Z1moReKSMhbYmhAs","7011","(?i)^PARK ROYAL","[`PARK ROYAL MB ARPT OPI  TULLAMARINE`]"
"Pattison's Patisserie","https://pattisonspatisserie.com.au/","e754cc2b-b13d-49a6-8911-eb05d7c9974a","pattisonspatisserie.com.au.jpg","","","","5fb792a9-0045-4639-a3c6-edc156ccc177","","","","","","5462","(?i)PATTISON'S PATISSERIE",""
"Pattison's Patisserie - Bondi Junction","","a1275ca5-ef52-4e72-a74d-e9562c724c10","","Kisok 107/500 Oxford St, Bondi Junction NSW 2022, Australia","-33.8928575","151.250563","","e754cc2b-b13d-49a6-8911-eb05d7c9974a","","","I4EDE7FB315B64A54","ChIJxcBdJvKtEmsR5h6E3Nmbt1s","","(?i)^PATTISON'S PATISSERIE 7 BONDI","[`PATTISON'S PATISSERIE 7 BONDI JUNCTION`]"
"Pattison's Patisserie - Northbridge","","abc67f9c-acb1-4253-ac62-34298d6f3fd2","","Shop 6, Northbridge Plaza, 79-113 Sailors Bay Road, Northbridge NSW 2063","-33.8100753","151.2087426","","e754cc2b-b13d-49a6-8911-eb05d7c9974a","","","IC0F169A989BB9629","ChIJYx_J1TevEmsRzPK3WW2sSN8","","(?i)Pattison's Patisserie Northbridge","[`Pattison's Patisserie Northbridge`]"
"Pizza Boccone","https://pizzaboccone.com.au/","2b9a4ac9-c0b5-42db-8961-803271ae630c","pizzaboccone.com.au.jpg","11 Llankelly Pl, Potts Point NSW 2011, Australia","-33.87261","151.22418","5fb792a9-0045-4639-a3c6-edc156ccc177","","","#9e2b1f","I4D90D0BA4CCED946","ChIJxw6gLg2uEmsRJyTedN1QTqM","5812","(?i)^PIZZA BOCCONE","[`PIZZA BOCCONE POTTS POI Potts Point`, `PIZZA BOCCONE POTTS POINT`]"
"PS40","https://www.ps40bar.com/","763c7107-8331-4ef7-9370-8b6cd03176ae","ps40bar.com.jpg","40 King St Enter, 40 Skittle Ln, Sydney NSW 2000, Australia","-33.8685901","151.204831","ca07d968-abe5-4ab5-8868-39d6bbae9d39","","","","I551B211B54B1458F","ChIJqcU0ST-uEmsRClU9RTRiAk4","5813","(?i)^PS40 BAR","[`LS PS40 BAR PTY LTD     SYDNEY`]"
"QBD Books","https://www.qbd.com.au","a4e7a377-9354-4ce3-825f-7317fdf1ed6f","qbd.com.au.jpg","","","","186d9b38-6124-4811-89d6-b4970700059a","","","","","","5942","(?i)^QBD",""
"QBD Books - Canberra Centre","https://www.qbd.com.au/","d606a746-2f36-48da-94ae-22adfb497911","","Shop FF06/148 Bunda St, Canberra ACT 2601, Australia","-35.2781219","149.1330232","","a4e7a377-9354-4ce3-825f-7317fdf1ed6f","","","I1531641E341D5C74","ChIJr1KKiWVNFmsRbXKg_cV9iPs","5942","(?i)^QBD THE BOOKSHOP       CANBERR","[`QBD THE BOOKSHOP       CANBERR`]"
"Radford College","https://www.radford.act.edu.au","ec180642-84cc-46aa-9975-3fafb8bdcba6","facebook.com-radfordact.jpg","1 College St, Bruce ACT 2617, Australia","-35.2450244","149.0869108","17a59adf-6a01-4337-9a64-1c7b472a7b39","","","","I38F72BA749C2C30B","ChIJHbvoXUKtF2sRcZsrzJyvvpU","8211","(?i)^RADFORD COLLEGE",""
"REA Group","https://rea-group.com","033bd065-794a-4312-959f-3d1b2195befc","rea-group.com.svg","","","","791BAE73-8D9F-4265-9849-1C453065C7E8","","","","","","6513","(?i)^REA","[`REA TRANSACTIONS    1234567890`]"
"Redbark","https://redbark.com","a9cfe46e-ddec-4722-b236-2cf13c383893","redbark.com.png","","","","c9e1fc38-70b3-4517-82e2-a53bdea540d2","","","","","","5817","(?i)^REDBARK\.COM","[`REDBARK.COM FINANC,SURRY HILLS`]"
"Reddy Express","https://www.reddyexpress.com.au","a91606d7-ddce-4e9f-8255-a1df2cbbf6f6","reddyexpress.com.au.jpg","","","","fd807b04-8cbe-438e-a3e4-f398e70718b8","","","#d80019","","","5541","(?i)^Reddy Express","[`Reddy Express 1713, Moss Vale`, `Reddy Express 1717     Fyshwic`]"
"Ribs and Burgers","https://ribsandburgers.com","0593e90f-8218-48d6-bac6-5f6324394bd4","ribsandburgers.com.png","","","","5fb792a9-0045-4639-a3c6-edc156ccc177","","","#114a6f","","","5812","(?i)(?:RIBS ?(?:&|and) ?BURGERS?|RIBSNBRGRS)","[`RIBS & BURGERS CENTRAL  CHIPPENDALE`, `RIBSNBRGRS* CENTRALPAR  CHIPPENDALE`, `Ribs and Burger Chippendale`, `Ribs & Burgers Centra Chippendale`]"
"Rita's Farm","https://www.ritasfarm.com.au/","8c5a4bfd-d3a2-4a2c-b28b-08fb4f9ac0d3","ritasfarm.com.au.jpg","","","","a362513e-58ca-41b6-a5c0-e1dbd202d504","","","","","","5411","(?i)^RITA S FARM","[`RITA S FARM PRODUC,KEMPS CREEK`]"
"Rivareno","https://www.instagram.com/rivarenogelatoaus/","fe0e9aa7-3d34-469a-9820-4b0e382d2c14","instagram.com-rivarenogelatoaus.jpg","","","","5fb792a9-0045-4639-a3c6-edc156ccc177","","","#424145","","","5451","(?i)Rivareno Gelato",""
"Rivareno Gelato - Barangaroo","","c76281ad-9c4e-446a-a6ac-f342945b28bb","","Shop 4, 33 Barangaroo Avenue, Barangaroo NSW 2000","-33.8653993","151.2013935","","fe0e9aa7-3d34-469a-9820-4b0e382d2c14","","","I839DB31EA0710022","ChIJF-mICkeuEmsR3WS-evCasn8","5451","(?i)RIVARENO GELATO BARANGA","[`RIVARENO GELATO BARANGA BARANGAROO`]"
"Rivareno Gelato - Bondi Beach","","82cb7e04-fb70-4eed-a73c-e8122533dd97","","Retail 2/124 Campbell Parade, Bondi Beach NSW 2026, Australia","-33.8910977","151.2738153","","fe0e9aa7-3d34-469a-9820-4b0e382d2c14","","","IA97C476F216DB298","ChIJ-XAWksKtEmsRCpfJbR1qK7A","5451","(?i)RIVARENO GELATO[ ,]BON","[`LS Rivareno Gelato Bon   Bondi Beach AUS`, `LS Rivareno Gelato,Bondi Beach`]"
"Romeo's IGA Food Hall - Martin Place","https://www.iga.com.au/stores/romeos-iga-food-hall-martin-place/","94e7f893-6d2f-4aa5-8159-aaf1b106bcb8","","25 Martin Pl, Sydney NSW 2000, Australia","-33.86799999999999","151.2093353","","84d40448-676f-4f1d-ba3b-ab85bb7d22cd","","","I469ABEE95069D548","ChIJSauXGUCuEmsRAJWMXhWHKFs","5411","(?i)^ROMEO'?S FOODHALL IGA MA","[`ROMEO'S FOODHALL IGA MA SYDNEY`, `ROMEOS FOODHALL IGA MARTIN PLACE`]"
"SABA","https://www.saba.com.au","cee91651-df7b-49cb-a25a-31712c95a95f","saba.com.au.jpg","","","","b3c87990-a047-49e1-a28b-ce3a50737a06","","","#000000","","","5651","(?i)^SABA",""
"SABA - Canberra Centre","https://www.saba.com.au/store-locator/store-details?id=21303","9f99c60c-7f07-4210-9b9e-69626c0abdba","","Canberra Centre, Shop CF17 Bunda St, Canberra ACT 2601, Australia","-35.2795602","149.132909","","cee91651-df7b-49cb-a25a-31712c95a95f","","","","ChIJ_f___2hNFmsRi0ROplkrdgw","5651","","[`SABA TRADING`]"
"SABA - QVB","https://www.saba.com.au/store-locator/store-details?state=NSW&suburb=Sydney&store=queen-victoria-building&id=22301","617c748b-9641-478c-b787-81b660526005","","5-9/455 George St, Sydney NSW 2000, Australia","-33.8711716","151.2065275","","cee91651-df7b-49cb-a25a-31712c95a95f","","","","","5651","(?i)^SABA QVB","[`SABA QVB SYDNEY`]"
"Sandoochie","https://sandoochie.com.au/home/","57d24b1e-fb2f-495c-bd4a-657954685575","sandoochie.com.au.jpg","No Name Lane, Shop 8, Canberra ACT 2601, Australia","-35.2783693","149.1270225","5fb792a9-0045-4639-a3c6-edc156ccc177","","","","IF3DA89C1625A8A5D","ChIJ9-o4-_FNFmsRXkSnwINjN8o","5814","(?i)^HOLM COOKED","[`SQ *HOLM COOKED          Canberra    AC`]"
"SCEGGS Darlinghurst","https://www.sceggs.nsw.edu.au","53d7a6c0-067d-413c-97f7-a53626852d75","facebook.com-sceggs.jpg","215 Forbes St, Darlinghurst NSW 2010, Australia","-33.8763905","151.2186192","17a59adf-6a01-4337-9a64-1c7b472a7b39","","","","I712FDEC46E4E14FB","ChIJlTrB1xOuEmsRPmf2quXd0xY","8211","(?i)^SCEGGS\b",""
"Scotch College","https://www.scotch.vic.edu.au","43708dd4-7eb4-4097-9b53-f9b89d7f62b6","facebook.com-scotchcollegemelbourne.jpg","1 Morrison St, Hawthorn VIC 3122, Australia","-37.834218","145.0291482","17a59adf-6a01-4337-9a64-1c7b472a7b39","","","","I96A92A7CA4A26A5C","ChIJeVMRxj9C1moRqlqZkPbYJBs","8211","(?i)^SCOTCH COLLEGE",""
"Secure Parking","https://www.secureparking.com.au","d4ddb922-76f9-40f3-8d85-49b289b1b81f","secureparking.com.au.png","","","","8a0f7f6c-c9b3-4de0-b397-ed5f89522c22","","","","","","7523","(?i)SECURE ?PARKING","[`SECURE PARKING 8,CANBERRA CITY`, `SECURE PARKING`, `SECURE PARKING P1,NORTH SYDNEY`, `SECURE PARKING 123ABC    CANBERRA CITAUS`, `SECURE PARKING PTY LTD   SYDNEY`, `SecureParking          Canberr`]"
"Service NSW","https://www.service.nsw.gov.au","d46256a4-5caa-49e2-9cfd-165d5df0acdb","service.nsw.gov.au.png","","","","ca5c7d72-e1c0-4f93-89d1-92ff281198ba","","","#d7153b","","","9399","(?i)SERVICE NSW",""
"Service NSW - Bondi Junction","https://www.service.nsw.gov.au/service-centre/bondi-junction-service-centre","cb5a00a3-d63a-482d-9f50-5879b3d08c4d","","Shop G2 19/23 Hollywood Ave, Bondi Junction NSW 2022, Australia","-33.8937761","151.251321","","d46256a4-5caa-49e2-9cfd-165d5df0acdb","","","ID9C16802E117CA47","ChIJp4dFQ_GtEmsREWSJ4K7pxt4","9399","(?i)SERVICE NSW\s*BONDI","[`SERVICE NSW             BONDI JUNCTION`]"
"Sharesight","https://www.sharesight.com","38d58470-5af9-4834-8b09-07ff2874395d","sharesight.com.png","","","","c9e1fc38-70b3-4517-82e2-a53bdea540d2","","","","","","5817","(?i)^Sharesight AU","[`Sharesight AU, Surry Hills`, `Sharesight AU          Surry H`]"
"Shou Sumiyaki","https://shousumiyaki.com.au/","893b6038-3d5b-437c-b93c-bd9293dc1bb3","shousumiyaki.com.au.jpg","160 Little Bourke St, Melbourne VIC 3000, Australia","-37.8116622","144.967966","5fb792a9-0045-4639-a3c6-edc156ccc177","","","","I1A0C2B5FF7C1CE6F","ChIJuWCNdMlC1moRccHRhxqIN7Y","5812","(?i)^SHOU SUMIYAKI","[`LIV*SHOU SUMIYAKI 12345 MELBOURNE`]"
"Silver Service","https://silverservice.com.au/","33e5dbcd-c273-4455-9034-cbdf6c40efbe","silverservice.com.au.jpg","","","","cfc18400-14ce-401b-8855-da267c201933","","","","","","4121","(?i)^SILVER SERVICE","[`SILVER SERVICE 133100   ALEXANDRIA`]"
"SkyBus","https://skybus.com.au","6cd51a11-6e35-4375-8048-4281f7affbf2","skybus.com.au.jpg","","","","7E9C7BF0-F0CA-4998-B92B-8F597B5BD15D","","","#e02826","","","4131","(?i)^SKYBUS COACH SERVICES","[`SKYBUS COACH SERVICES  MELBOUR`]"
"SKYE Suites","https://skyesydney.com.au","93fb3db3-e440-4445-b3a6-90f2a2fd0668","skyesydney.com.au.png","","","","e83de4ef-e05b-4219-9a02-70b8590c7cb0","","","","","","7011","(?i)(?:^KENT ST X SKY SUITES|^SKYE SUITES)","[`SKYE SUITES SYDNEY 1234 SYDNEY`, `KENT ST X SKY SUITES R   SYDNEY      NSW`]"
"Sneaky Possum","https://sneakypossum.com/","b0bb9362-be18-4681-9310-7ce9ae07ab92","sneakypossum.com.jpg","86 Abercrombie St, Chippendale NSW 2008, Australia","-33.8871244","151.1989306","ca07d968-abe5-4ab5-8868-39d6bbae9d39","","","","I6A67D46D8FAB942E","ChIJRTSDBNixEmsRIZrjdCzV3YU","5813","(?i)(?:^SNEAKY POSSUM|^SR-SNEAKY)","[`LIGHTSPEED*SR-SNEAKY PO FORTITUDE VALLE`, `LSP*Sneaky Possum        Chippendale AUS`, `SNEAKY POSSUM`, `SR-SNEAKY POSSUM-CHIPPE CHIPPENDALE`]"
"Social Society","https://socialsocietysydney.com","b1c7bc3e-2bdf-47d1-9409-de9b7386ab96","socialsocietysydney.com.png","7 Ebsworth Street, Zetland New South Wales 2017, Australia","-33.905494","151.203686","5fb792a9-0045-4639-a3c6-edc156ccc177","","","#f693a0","I531DCC6B400C9B4F","ChIJv0aasFyxEmsRUKb_sOlRPZI","5812","(?i)^SOCIAL SOCIETY","[`LS Social Society        zetland     AUS`, `SQ *SOCIAL SOCIETY SYD Zetland`, `SQ *SOCIAL SOCIETY SYD,Zetland`]"
"Soul Origin","https://www.soulorigin.com.au","8366f8a7-26ec-446a-8f15-6e7cf220debe","soulorigin.com.au.webp","","","","4b6581ca-31d4-4fd2-b0fa-8525d5392cc7","","","#ffb91d","","","5814","(?i)SOUL ORIGIN",""
"Soul Origin - Canberra Centre","https://www.soulorigin.com.au/store/canberra-centre/","622ac6e6-6e2f-4d5b-9469-7c907bab2aed","","Shop EG16/148 Bunda St, Canberra ACT 2600, Australia","-35.27824349999999","149.1334736","","8366f8a7-26ec-446a-8f15-6e7cf220debe","","","I7AD6D7675F4B3FCC","ChIJS0W852VNFmsRtFdX2AEo7Ys","5814","(?i)^SOUL ORIGIN, CANBERRA","[`SOUL ORIGIN, CANBERRA`]"
"Stacked Mascot","https://letsgetstacked.com.au","2267bc3b-d69d-40f0-bf6e-1154cf133049","letsgetstacked.com.au.png","189 O'Riordan Street, Mascot New South Wales 2020, Australia","-33.926857","151.186397","5fb792a9-0045-4639-a3c6-edc156ccc177","","","","IB9E238289BE89D71","ChIJqdH10daxEmsRvG2XhSnQ1_U","5814","(?i)^VMV STACKED","[`VMV STACKED PTY LTD      Mascot      NSW`]"
"Stacks Sandwich & Coffee Bar","https://www.instagram.com/stackscbr/","d13590c3-d36b-4012-ae27-0c31b6602073","instagram.com-stackscbr.jpg","DGLO1/148 Bunda St, Canberra ACT 2601, Australia","-35.2796057","149.1333913","5fb792a9-0045-4639-a3c6-edc156ccc177","","","#28371e","","ChIJUTVZPABNFmsRXI8vDJtJgic","5814","(?i)^STACKS","[`SQ *STACKS             Canberr`]"
"Steve's Airport Transfers","https://stevestransport.com.au","151ac662-c232-41b4-90fa-e27277c67931","stevestransport.com.au.png","210 Southern Cross Drive, Ballina 2478, Australia","-28.8498591","153.5565624","cfc18400-14ce-401b-8855-da267c201933","","","","","","4121","(?i)STEVES TRANSPORT","[`FH* STEVES TRANSPORT, CUMBALUM`]"
"Supermercato","https://supermercato.com.au","5a90a368-7c28-4ab9-a8e8-49f4a22db9e8","supermercato.com.au.png","441 New South Head Rd, Double Bay","-33.877797","151.2415457","a362513e-58ca-41b6-a5c0-e1dbd202d504","","","#b22534","","","5411","(?i)SUPERMERCATO","[`SQ *SUPERMERCATO DOUBL   Double Bay  NS`]"
"Supersweet Patisserie","https://www.supersweetcafe.com.au","e784f0ac-4112-4ffc-9e22-07d02f35179b","facebook.com-supersweetpastry.jpg","G11/27 Lonsdale St, Braddon ACT 2612, Australia","-35.2719619","149.1326108","5fb792a9-0045-4639-a3c6-edc156ccc177","","","","I718FAA96EBF91638","ChIJ4W9oECBNFmsRrQhhXj4naG0","5462","(?i)SUPERSWEET PATISSERIE","[`SUPERSWEET PATISSERIE`, `SUPERSWEET PATISSERIE 1 BRADDON`]"
"Sushi Hub","https://www.sushihub.com.au","8bc90467-5cbf-4900-8f54-29c4eb636e00","sushihub.com.au.jpg","","","","4b6581ca-31d4-4fd2-b0fa-8525d5392cc7","","","","","","5814","(?i)^SUSHI HUB\b",""
"Sushi Hub - Belconnen","https://www.sushihub.com.au","35708647-2002-4ef0-9832-dd8ea8b36223","","Shop/198 Benjamin Way, Belconnen ACT 2617, Australia","-35.2378381","149.0652427","","8bc90467-5cbf-4900-8f54-29c4eb636e00","","","I82083E5EBA28006","ChIJiy83-HCtF2sR6o5nCXx_DlU","5814","(?i)^SUSHI HUB BELCONNEN","[`SUSHI HUB BELCONNEN      BELCONNEN   ACT`]"
"Sushi Hub - Broadway","https://www.sushihub.com.au","3590d529-2f99-4768-aaa4-30b735019da2","","Broadway Shopping Centre, 1 Bay St, Glebe NSW 2037, Australia","-33.8834839","151.1939224","","8bc90467-5cbf-4900-8f54-29c4eb636e00","","","","","5814","(?i)^SUSHI HUB BROADWAY","[`SUSHI HUB BROADWAY       HAYMARKET   NSW`, `SUSHI HUB BROADWAY      SYDNEY`]"
"Swyftx","https://swyftx.com","78204e4b-b5f4-4a0c-a516-d9d24d21d85b","swyftx.com.png","Australia","-23.992438","134.050443","6e97a1b6-bbf8-4849-9673-590a6810b570","","","#1113D4","","","6051","(?i)^Swyftx","[`Swyftx`, `SWYFTX`]"
"Sydney Grammar School","https://www.sydgram.nsw.edu.au","ccbbedca-6c35-490d-b6ea-eb566419a8da","facebook.com-sydneygrammarschool.jpg","10 College St, Darlinghurst NSW 2010, Australia","-33.8752088","151.2125991","17a59adf-6a01-4337-9a64-1c7b472a7b39","","","","I757292F64B64D14","ChIJPRtybxauEmsR0tsOqj8fST0","8211","(?i)^SYDNEY GRAMMAR",""
"T2 Tea","https://t2tea.com","3cef79f6-d856-4521-b302-ac9002ac67d8","t2tea.com.png","","","","a362513e-58ca-41b6-a5c0-e1dbd202d504","","","","","","5499","(?i)(?:T2_AU_POS|TEA TOO PTY)","[`T2_AU_POS                 Civi`, `TEA TOO PTY LTD         COLLINGWOOD`]"
"Taiwa Sushi","https://taiwasushi.com.au","5825922e-c7b9-471a-858f-ed62687cb4c4","taiwasushi.com.au.png","43 Eastlake Parade, Kingston ACT 2604, Australia","-35.313632","149.146988","5fb792a9-0045-4639-a3c6-edc156ccc177","","","","ID5A440903761518E","ChIJzThoGMlNFmsREGsc3cgChzE","5812","(?i)^TAIWA","[`TAIWA SUSHI, Kingston`]"
"Take Sushi & Japanese Cuisine","https://takesushi.com.au","eebaa593-adae-4b53-820a-b12e89f521bc","takesushi.com.au.jpg","8 Allen St, Waterloo NSW 2017, Australia","-33.9027853","151.2025681","5fb792a9-0045-4639-a3c6-edc156ccc177","","","","I188B693C4EB3E090","ChIJ31ydIMSxEmsRPmz0Uz7KlRA","5812","(?i)TAKE SUSHI","[`TAKE SUSHI AND JAP CUI   WATERLOO    NSW`]"
"Tamarama Beach Kiosk","https://www.instagram.com/tamaramakiosk","192a81b9-08db-49d3-8ce7-fba9d66f5822","instagram.com-tamaramakiosk.jpg","19 Tamarama Marine Dr, Tamarama NSW 2026, Australia","-33.900026","151.269422","5fb792a9-0045-4639-a3c6-edc156ccc177","","","#f4dda1","ID88ACD27FD554500","ChIJLQ3PD4atEmsRDlmSpwGUP4I","5814","(?i)TAMARAMA KIOSK","[`LIV*TAMARAMA KIOSK 8219 VAUCLUSE`, `TAMARAMA KIOSK`]"
"Tanuki","https://tanuki.com.au","6a1b5a2d-cb9e-430d-881e-8d02d6ff615e","tanuki.com.au.png","","","","5fb792a9-0045-4639-a3c6-edc156ccc177","","","#ee3124","","","5812","(?i)^TANUKI","[`TANUKI`, `ZLR*TANUKI SYDNEY TANUK DOUBLE BAY`]"
"Taronga Zoo","https://taronga.org.au","02f0597e-6901-44d3-a3fe-2a309af5e666","taronga.org.au.png","Bradleys Head Rd, Mosman NSW 2088, Australia","-33.8435229","151.2411885","24a9d23d-0dd0-43d6-ae4c-93213f80097b","","","#025541","IF6C52D33A2A17C0D","ChIJq6qqWiSsEmsRJuIpepyEua4","7998","",""
"Taxipay Australia","https://taxipayaustralia.com.au/","cb3f92ef-13c2-46e7-aa4a-3afe51e1c5b6","taxipayaustralia.com.au.jpg","","","","cfc18400-14ce-401b-8855-da267c201933","","","#136aed","","","4121","(?i)TAXIPAY AUSTRALIA","[`TAXIPAY AUSTRALIA, MASCOT`, `TAXIPAY AUSTRALIA      MASCOT`]"
"Thaithae Mascot","https://ziicloud.com","13662ce3-faa5-4285-8c12-cde867de35a4","ziicloud.com.png","256B Coward St, Mascot New South Wales 2020, Australia","-33.940155","151.18198","5fb792a9-0045-4639-a3c6-edc156ccc177","","","","","","5812","(?i)^Thaithae","[`Thaithae Mascot, Mascot`, `Thaithae Mascot          Mascot      NSW`]"
"The Alcott","https://thealcott.com.au","0d253f53-a264-4647-8f68-beb5c2c63ac5","thealcott.com.au.png","","","","ca07d968-abe5-4ab5-8868-39d6bbae9d39","","","#2f5665","","","5813","(?i)^ALCOTT\b","[`ALCOTT                   LANE COVE   AUS`, `ALCOTT                  LANE COVE`]"
"The Athlete's Foot","https://www.theathletesfoot.com.au","e0c1d48b-bfb1-4f02-9fb8-7d572b2a3f44","theathletesfoot.com.au.jpg","","","","b3c87990-a047-49e1-a28b-ce3a50737a06","","","","","","5661","",""
"The Athlete's Foot - Canberra Centre","https://www.theathletesfoot.com.au/stores/canberra","467cadd6-aecb-46f2-897b-af1579f17638","","Shop EF21 Bunda St, Canberra ACT 2601, Australia","-35.2778396","149.1332575","","e0c1d48b-bfb1-4f02-9fb8-7d572b2a3f44","","","IE7B66DE974CA5C0A","ChIJcUr4-2VNFmsRZ0Ls6qj_U8o","5661","(?i)^TAF CANBERRA","[`TAF CANBERRA            CANBERRA`]"
"The Baxter Inn","https://swillhouse.com","06246bd2-f020-4ec6-bba0-9316cb815481","swillhouse.com.png","","","","ca07d968-abe5-4ab5-8868-39d6bbae9d39","","","","","","5813","(?i)THE BAXTER INN","[`THE BAXTER INN          SYDNEY`]"
"The Caterpillar Club","https://swillhouse.com/venues/the-caterpillar-club/","492bd0ae-d289-4989-90c1-fc5d62622031","instagram.com-thecaterpillarclubsydney.jpg","","","","ca07d968-abe5-4ab5-8868-39d6bbae9d39","","","","","","5813","",""
"The Commons","https://thecommons.com.au","671845c8-ec8e-40fe-be75-e72698e9ba90","thecommons.com.au.png","","","","c1b28755-f543-4efb-a1f4-6f87fa7786b5","","","#312f2c","","","6513","(?i)(?:^IPY\*THECOMMONSCOLLIN|^The Commons Cent|^COMMONS CENTRAL)","[`The Commons Cent`, `COMMONS CENTRAL     1234567890`, `IPY*THECOMMONSCOLLIN   Melbour`, `IPY*THECOMMONSCOLLIN,Melbourne`]"
"The Commons - Martin Place","https://thecommons.com.au","d27db683-1710-4b23-9324-e241805303ae","","39 Martin Place, Sydney New South Wales, Australia","-33.867722","151.210703","","671845c8-ec8e-40fe-be75-e72698e9ba90","","","I7B77BD6FC9B4979D","ChIJVxRBziKvEmsRbbI8Hr8Irfg","6513","(?i)^THE COMMONS MARTIN","[`THE COMMONS MARTIN PL, Sydney`]"
"The Commons Health Club Richmond","https://thecommonshealthclub.com.au/","57c6a033-1753-4694-8a8b-ede46b5802e9","thecommonshealthclub.com.au.jpg","33 Cremorne St, Cremorne VIC 3121, Australia","-37.8263408","144.9913427","5fb792a9-0045-4639-a3c6-edc156ccc177","","","#2c6712","I150C14F592094AD1","ChIJtfWk6O1D1moRGNxRkMznlyY","7997","(?i)THE COMMONS HEALTH CL","[`THE COMMONS HEALTH CL,Cremorne`]"
"The Gardens","https://the-gardens.com.au","b00a194e-12ce-40d6-86e3-9d6ef8d8014a","the-gardens.com.au.jpg","","","","5fb792a9-0045-4639-a3c6-edc156ccc177","","","","","","5812","(?i)^THE GARDENS","[`THE GARDENS`]"
"The Gardens - George St","https://the-gardens.com.au","a2ee0f21-e679-4eb7-a02b-f997393da40a","","259 George St, Sydney NSW 2000, Australia","-33.8638225","151.2070568","","b00a194e-12ce-40d6-86e3-9d6ef8d8014a","","","IE74FEACE40B0D710","ChIJN66PdkGuEmsRjRgaDgKLSxE","5812","(?i)^THE GARDENS(?: 259|\s{2,})","[`THE GARDENS 259 PTY      SYDNEY      NSW`, `THE GARDENS 259         SYDNEY`, `SQ *THE GARDENS 259, Sydney`, `SQ *THE GARDENS 259    Sydney `]"
"The Grounds of The City","https://thegrounds.com.au/dine-in/the-city","18997c75-5b33-4239-bfd1-4ffb8320cee6","thegrounds.com.au.jpg","Shop RG 12/500 George St, Sydney NSW 2000, Australia","-33.8721013","151.2073252","5fb792a9-0045-4639-a3c6-edc156ccc177","","","","I83D48C9A9D67789A","ChIJ2QUmiz6uEmsRQfMmet7xkzs","5812","(?i)^THE GROUNDS","[`THE GROUNDS CBD 47741   SYDNEY`]"
"The Jetty","https://thejettycbr.com","425e8390-d70a-4da0-82c2-c6964b8eb414","thejettycbr.com.png","Queen Elizabeth Terrace, Parkes ACT 2600, Australia","-35.2974355","149.1352058","5fb792a9-0045-4639-a3c6-edc156ccc177","","","#54a5a9","I9BAAFCFEB3B8942E","ChIJZ6SVjrVNFmsRfP1Dd_1Ef_g","5812","(?i)THE JETTY","[`SQ *THE JETTY            Parkes      AC`]"
"The King's School","https://www.kings.edu.au","b854c609-2ad8-4ea4-8a81-8c4565e37a39","facebook.com-thekingsschool.jpg","87-129 Pennant Hills Rd, North Parramatta NSW 2151, Australia","-33.7862471","151.0253688","17a59adf-6a01-4337-9a64-1c7b472a7b39","","","","I49197585454AEA4D","ChIJZT--lJajEmsRmp9f0D27ngk","8211","(?i)^(?:THE )?KING'?S SCHOOL",""
"The Lord Gladstone Hotel","https://www.lordgladstone.com.au/","2edb87be-1b86-4bfb-b0cb-631eec2cf61e","lordgladstone.com.au.jpg","","","","ca07d968-abe5-4ab5-8868-39d6bbae9d39","","","#3e5d96","","","5813","(?i)(?:LORD GLADSTONE|CHIPPOLORD)","[`CHIPPOLORD PTY. LI,Chippendale`, `LORD GLADSTONE HOTEL     CHIPPENDALE NSW`, `LORD GLADSTONE HOTEL    CHIPPENDALE`, `LS Lord Gladstone ,Chippendale`]"
"The Old Clare by Ode Hotels","https://www.odehotels.com/the-old-clare-hotel/","15589d0a-1d84-4927-8f7c-2d5c9e91a460","odehotels.com.jpg","1 Kensington St, Chippendale NSW 2008, Australia","-33.8844938","151.201417","e83de4ef-e05b-4219-9a02-70b8590c7cb0","","","","IE969B0CA52D375FF","ChIJzVxCViauEmsRr9Sxhupszjw","7011","(?i)^OLD CLARE","[`OLD CLARE ODE HTL OPI 5 CHIPPENDALE`]"
"The Post Office Cafe Moss Vale","https://www.thepostofficemossvale.com.au/","dfe355bb-ee92-49ef-9a98-7f94d097dd36","thepostofficemossvale.com.au.jpg","","","","5fb792a9-0045-4639-a3c6-edc156ccc177","","","","","","5812","(?i)POSTOFFICE MOSS","[`THE POSTOFFICE MOSS ,MOSS VALE`]"
"The Ritz Randwick","https://www.ritzcinemas.com.au/","bd614d47-9443-4fec-8a67-008ba8fcf3f6","ritzcinemas.com.au.jpg","","","","24a9d23d-0dd0-43d6-ae4c-93213f80097b","","","#1a2436","","","7832","(?i)RITZ CINEMAS?","[`RITZ CINEMAS             RANDWICK`, `Ritz Cinema              BELGRAVE    AUS`]"
"The Rusty Rabbit - Darlinghurst","https://therustyrabbit.com.au","04e4caf1-a5a2-46d3-8ad6-512ad259f5db","therustyrabbit.com.au.png","252 Forbes St, Darlinghurst NSW 2010, Australia","-33.8787911","151.2185388","5fb792a9-0045-4639-a3c6-edc156ccc177","","","#fcb040","I448FA1BEEE3D782","ChIJCwwMAhGuEmsR6AA8IkWTiEc","5813","(?i)THE RUSTY RABBIT","[`THE RUSTY RABBIT        DARLINGHURST`]"
"The Tea Cosy","https://theteacosy.com.au","954e2de4-3f2c-4009-a883-600593203d15","theteacosy.com.au.png","7 Atherden St, The Rocks NSW 2000, Australia","-33.8579717","151.2083653","5fb792a9-0045-4639-a3c6-edc156ccc177","","","","I393DA91DDAE560A7","ChIJ1UbjO12uEmsRh3_Pxy-rQDE","5812","(?i)^THE TEA COSY","[`THE TEA COSY`, `THE TEA COSY            THE ROCKS`]"
"Three Mills Bakery","https://threemillsbakery.com.au","05efe331-dc89-4d78-bc9f-4379ee161db1","threemillsbakery.com.au.jpg","","","","5fb792a9-0045-4639-a3c6-edc156ccc177","","","","","","5462","(?i)THREE MILLS","[`ZLR*THREE MILLS BAKERY  CANBERRA AIRPOR`]"
"Toby's Estate","https://www.tobysestate.com.au","92179e3d-cf84-4ec3-a559-25fba1e596fe","tobysestate.com.au.png","","","","5fb792a9-0045-4639-a3c6-edc156ccc177","","","","","","5812","",""
"Toby's Estate - Qantas","https://www.instagram.com/tobysestateqantas","7fc0cb32-bd3a-49b1-8a87-75c20ac1de0b","","Shop 4/10 Bourke Road Qantas, 10 Bourke Rd, Mascot NSW 2020, Australia","-33.925727","151.1860603","","92179e3d-cf84-4ec3-a559-25fba1e596fe","","","I74DB12015CF9E64A","ChIJHVFz4f-wEmsR6n0Ax_wxUqw","5812","(?i)^TOBY'S ESTATE QANT","[`SQ *TOBY'S ESTATE QANT, Mascot`, `SQ *TOBY'S ESTATE QANT Mascot`, `TOBY'S ESTATE QANTAS PT MASCOT`]"
"Top Juice","https://www.instagram.com/topjuiceau/","b0c87914-4789-477b-826c-b9c867e0cab5","instagram.com-topjuiceau.jpg","","","","4b6581ca-31d4-4fd2-b0fa-8525d5392cc7","","","","","","5814","(?i)^TOP JUICE","[`Top Juice Syd Cen Pl Sydney`, `TOP JUICE SYD CEN PL   SYDNEY `, `TOP JUICE EAST VILLA, ZETLAND`, `Top Juice Pty Ltd Penrith`]"
"Top Juice - Bondi Eastgate","https://www.topjuice.com.au/","d350020e-50ed-47e2-959e-2ba61eebe9f0","","Kiosk K, 0A, Eastgate Shopping Centre, Shop 26/91 Spring St, Bondi Junction NSW 2022, Australia","-33.892767","151.248091","","b0c87914-4789-477b-826c-b9c867e0cab5","","","","","5814","(?i)TOP JUICE EASTGA","[`TOP JUICE EASTGA,BONDI JUNCTIO`]"
"Top Juice - Broadway","https://www.topjuice.com.au/","ad2cd36b-56dd-46ab-93db-be5a4d309ec4","","Kiosk 2, Ground Level, Broadway Sydney, 1 Bay Street, Glebe NSW 2037","-33.8836883","151.1938767","","b0c87914-4789-477b-826c-b9c867e0cab5","","","","","5814","(?i)TOP JUICE[,\s]BROADWAY","[`TOP JUICE, BROADWAY`]"
"Totti's","https://merivale.com/tottis-venues","1d8ee6e3-d010-451f-af5b-e4d0cb6bd0b5","merivale.com-tottis-venues.jpg","","","","5fb792a9-0045-4639-a3c6-edc156ccc177","","","#fffce9","","","5812","(?i)TOTTI'S","[`TOTTI'S`]"
"Transport for NSW","https://transportnsw.info","4de41f55-2b65-44c1-856e-b6e91bdba992","transportnsw.info.png","","","","c6178482-0efa-44dd-8add-15dbb20a09df","","","#0074BD","","","4111","(?i)(?:^TRANSPORT ?FOR ?NSW|\bTFNSW\b)","[`TRANSPORTFORNSW TAP, SYDNEY`, `TRANSPORTFORNSW TAP      SYDNEY`, `Transportfornsw Tap Sydney`, `TRANSPORTFORNSWTRAVEL   SYDNEY`]"
"Transport Hotel","https://www.transporthotel.com.au/","4484c830-daf3-445f-900d-52fb9a11997a","transporthotel.com.au.jpg","Transport Hotel, Ground Level Federation Square, Melbourne VIC 3000, Australia","-37.8183938","144.9684217","ca07d968-abe5-4ab5-8868-39d6bbae9d39","","","#36475a","I2A2DBE3040D76185","ChIJg9Jjvi1d1moRB4vDIvSsfrM","5813","(?i)TRANSIT HOSPITALITY","[`TRANSIT HOSPITALITY GR MELBOUR`]"
"Trattoria Elva","https://www.elvabondi.com.au/","6aced781-6776-4471-b8a8-3dd48a5f217d","elvabondi.com.au.png","277 Bondi Rd, Bondi NSW 2026, Australia","-33.8947717","151.2682166","5fb792a9-0045-4639-a3c6-edc156ccc177","","","#f68f2b","I559D0BA379CA7FC","ChIJDU6EPIKtEmsRSHoZzMtaKFU","5812","(?i)ELVA","[`ELVA`]"
"Tucano's","https://www.tucanos.com.au/","753959bc-5732-43fa-93d5-ca2ee80dd341","tucanos.com.au.jpg","277 Goulburn St, Surry Hills NSW 2010, Australia","-33.8800618","151.2147261","5fb792a9-0045-4639-a3c6-edc156ccc177","","","#000000","IA6C50C954641CC34","ChIJ9fsBSG-vEmsRbRvqOp6l44s","5812","(?i)Tucanos","[`TST-Tucanos, Surry Hills`]"
"Ujin Matcha House","https://ujin-matchahouse.com.au/","28be9359-e7ec-4f2f-9569-05f664d528c1","ujin-matchahouse.com.au.jpg","64 Northbourne Ave, Canberra ACT 2601, Australia","-35.277429","149.130094","5fb792a9-0045-4639-a3c6-edc156ccc177","","","","I8F5BA666CC87CE42","ChIJm0aI4axNFmsR8jSLDIvaqLo","5812","(?i)^Ujin","[`LS Ujin Canberra Pty ,Canberra`, `LS Ujin Canberra Pty L Canberr`]"
"UNIQLO","https://uniqlo.com","92348ddf-0e52-4bee-837a-4709e8916fb6","uniqlo.com.png","150 Lonsdale Street, Melbourne Victoria 3000, Australia","-37.810461","144.967727","b3c87990-a047-49e1-a28b-ce3a50737a06","","","#fe0100","","","5651","(?i)UNIQLO","[`UNIQLO`]"
"UNIQLO - Canberra Centre","https://map.uniqlo.com/au/en/detail/125108","9a7a0201-5d12-47db-8d4d-82d8b81c21bb","","Canberra Centre, Tenancy B08/11/148 Bunda St, Canberra ACT 2608, Australia","-35.2801811","149.1342563","","92348ddf-0e52-4bee-837a-4709e8916fb6","","","I5EEA4E1FE18CA1C3","ChIJ03GxH61NFmsR_SqKRqvpdZ4","5651","(?i)UNIQLO CANBERRA","[`UNIQLO CANBERRA, Civic Canberr`]"
"Upwood Desks","https://upwood.store","318c6134-f1f0-4f34-acb4-d71400ecff39","upwood.store.jpg","","","","c58ed711-9e00-4fef-8451-0f21afa677fc","","","","","","5712","(?i)UPWOOD DESKS","[`UPWOOD DESKS`]"
"Urban Pantry","https://urbanpantrymanuka.com.au","0534ba2f-3c32-4187-b10d-05a987e2342d","urbanpantrymanuka.com.au.png","5 Bougainville St, Griffith Australian Capital Territory 2603, Australia","-35.3207576","149.1325199","7fc0cb32-bd3a-49b1-8a87-75c20ac1de0b","","","#e5e5e5","IA4FE55CD9B071E38","ChIJ9Sve0ehMFmsR5Ye5fOH_waw","5812","(?i)URBAN PANTRY","[`LSP*Urban Pantry 2603    Griffith    AUS`, `URBAN PANTRY`, `LSP*Urban Pantry 2603,Griffith`, `URBAN PANTRY 2603 PTY   GRIFFITH`]"
"Via Napoli Pizzeria Surry Hills","https://vianapoli.com.au/surry-hills/","0a931d2a-9115-4fcd-9823-aa54398cd98e","vianapoli.com.au.png","","","","5fb792a9-0045-4639-a3c6-edc156ccc177","","","","","","5812","(?i)NAPOLI SURRY HILL","[`NAPOLI SURRY HILLS P L`, `NAPOLI SURRY HILLS P L  SURRY HILLS`, `VIA NAPOLI SURRY HILL 4 SURRY HILLS`]"
"Virgin Active","https://www.virginactive.com.au","0406df3d-cdb4-4c2f-a866-5b6cba1b9899","virginactive.com.au.jpg","","","","b6b02d18-a6ab-4e82-be1b-132b62f8f1b9","","","#E10A0A","","","7997","(?i)^VIRGIN ACTIVE","[`Virgin Active Australi Sydney`, `VIRGIN ACTIVE AUSTRALI   SYDNEY      NSW`, `VIRGIN ACTIVE       0123456789`, `VIRGIN ACTIVE AUST, ZETLAND`]"
"Virgin Australia","https://virginaustralia.com","279061eb-010c-4b35-93f8-e717513903e1","virginaustralia.com.jpeg","","","","51eefe6d-d029-4504-99ac-1a6a0a98250e","","","#D6083B","","","4511","(?i)VIRGIN AUSTRALIA","[`VIRGIN AUSTRALIA 123456 WINTON`, `VIRGIN AUSTRALIA 123456 GAYNDAH`]"
"Wesley College","https://www.wesleycollege.edu.au","f3f75cca-3c3d-42df-a776-5b6617744157","facebook.com-wesleycollegemelbourne.jpg","567-581 St Kilda Rd, Melbourne VIC 3004, Australia","-37.8485481","144.9821806","17a59adf-6a01-4337-9a64-1c7b472a7b39","","","","I2E7A9F3AD261090B","ChIJQ0hCxBdo1moR0Kh_9MRBRKQ","8211","(?i)^WESLEY COLLEGE",""
"WH Smith MEL T2 International LAN (CTN Landside)","","72aca0bc-8744-444c-badc-03c7db467d7f","","Melbourne Airport VIC 3045, Australia","-37.6699961","144.8489428","","c604b7c5-1971-4291-8a26-dcf375c7f1b0","","","","","5994","(?i)^WHSMITH MEL T2 DEP","[`WHSMITH MEL T2 DEP CTN TULLAMA`]"
"White Rabbit","https://whiterabbitsydney.com","ee2de402-62b2-4522-8961-b87289ad167a","whiterabbitsydney.com.jpg","","","","5fb792a9-0045-4639-a3c6-edc156ccc177","","","#000","","","7991","(?i)WHITE RABBIT",""
"White Rabbit - Double Bay","https://whiterabbitsydney.com/doublebay/","31167633-faf5-41bb-bf1a-e1f47bdc3ba7","whiterabbitdoublebay.jpg","53 Bay St, Double Bay NSW 2028, Australia","-33.8757757","151.2423863","","ee2de402-62b2-4522-8961-b87289ad167a","","","IE77381A438E8F236","ChIJiYfNnd2tEmsRx4-2vLIOUA0","","(?i)WHITE RABBIT DOUBLE","[`WHITE RABBIT DOUBLE B    Double Bay  NSW`, `WHITE RABBIT`, `WHITE RABBIT DOUBLE BAY DOUBLE BAY`]"
"Wilson Parking","https://www.wilsonparking.com.au","fb7cba54-a40e-4bae-85f2-0250914f8e87","wilsonparking.com.au.png","","","","754afd10-c567-4791-bad8-41586dc5978a","","","","","","7523","(?i)Wilson Parking","[`Wilson Parking Austra,Canberra`]"
"Woolworths","https://woolworths.com.au","f550e014-d51d-45fd-8eb0-1495e60f201b","woolworths.com.au.png","","","","a362513e-58ca-41b6-a5c0-e1dbd202d504","","","#008446","","","5411","(?i)(WOOLWORTHS|WW METRO)",""
"Woolworths - Marrickville","https://www.woolworths.com.au/shop/storelocator/nsw-marrickville-91936-eg","c782c926-90b7-4a87-9d3f-58424725ade8","","34 Victoria Rd, Marrickville NSW 2204, Australia","-33.9072222","151.1711111","","f550e014-d51d-45fd-8eb0-1495e60f201b","","","IB81D155B84C5AF1","ChIJV7A70EWwEmsR6Tfj6zb5yCs","5411","(?i)^WOOLWORTHS\s+1149","[`WOOLWORTHS 1149 MARRICK MARRICK`]"
"Woolworths - Mascot","https://www.woolworths.com.au/shop/storelocator/nsw-mascot-1442","cb2450e7-cbf2-4c5d-ba51-d878096f46d2","","55 Church Ave, Mascot NSW 2020, Australia","-33.9228056","151.1858319","","f550e014-d51d-45fd-8eb0-1495e60f201b","","","IEC537758C7FF6D0E","ChIJu1wlGlWwEmsRZ4EHu_0cMwQ","5411","(?i)WOOLWORTHS.*MASCOT","[`WOOLWORTHS 14421, MASCOT`]"
"Woolworths - Northbridge","https://www.woolworths.com.au/shop/storelocator/nsw-northbridge-1199","c254131e-93be-4345-a5d2-0f61a25cf02f","","79-113 Sailors Bay Rd, Northbridge NSW 2063, Australia","-33.8102425","151.208605","","f550e014-d51d-45fd-8eb0-1495e60f201b","","","ID8A71D4B0B29CF0B","ChIJpS4feLOuEmsRDbj3ik3-rn4","5411","(?i)^WOOLWORTHS\s+1199","[`WOOLWORTHS 1199 NORTHBR NORTHBRIDGE`]"
"Woolworths - Town Hall","https://www.woolworths.com.au","2bc727c2-5b3a-4e7d-88b1-659406960806","","325-345 George Street, Sydney New South Wales 2000","-33.8780119","151.2056046","","f550e014-d51d-45fd-8eb0-1495e60f201b","","","","","5411","(?i)^WOOLWORTHS\s+1248","[`WOOLWORTHS      1248     SYDNEY      NS`]"
"Woolworths Metro - Bondi Road","https://www.woolworths.com.au/shop/storelocator/nsw-bondi-beach-8385","6fe1e6a6-5696-4f65-a479-c1975ab0e582","","133 Bondi Rd, Bondi Beach NSW 2026, Australia","-33.8939362","151.2629334","","f550e014-d51d-45fd-8eb0-1495e60f201b","","","IE900C0A8E39F542","ChIJ91CbSkmtEmsR59a-IBl8BJs","5411","(?i)^WW METRO 8385 BONDI ROAD","[`WW METRO 8385 BONDI ROAD`]"
"Woolworths Metro - Central Park","https://www.woolworths.com.au/shop/storelocator/nsw-chippendale-1905","38937402-d628-4ae3-9749-7e7339270cfb","","26-60 Broadway, Chippendale NSW 2008, Australia","-33.8847679","151.2007763","","f550e014-d51d-45fd-8eb0-1495e60f201b","","","IF5AE1D8FD7A56832","ChIJ1T38sSeuEmsRJm47QGX6GA8","5411","(?i)^WOOLWORTHS\s+1905","[`WOOLWORTHS 1905, SYDNEY`, `WOOLWORTHS      1905     SYDNEY      AUS`, `WOOLWORTHS      1905   SYDNEY `, `WOOLWORTHS 1905 BROADWA BROADWAY`, `WOOLWORTHS 1905, BROADWAY CUB`]"
"Woolworths Metro - Double Bay","https://www.woolworths.com.au/shop/storelocator/nsw-double-bay-1527","14efdcdc-c624-4d2e-8080-e58727201777","","7 Anderson Street, Kiaora Ln, Double Bay NSW 2028, Australia","-33.878066","151.244226","","f550e014-d51d-45fd-8eb0-1495e60f201b","","","","ChIJ4cDVn0etEmsRyM3IkD9nUP8","5411","(?i)^WW METRO\s+1527","[`WW METRO        1527     DOUBLE BAY  AUS`, `WW METRO 15271, DOUBLE BAY`]"
"Woolworths Metro - Green Square","https://www.woolworths.com.au/shop/storelocator/nsw-zetland-1638","43d9034d-d7f7-4039-8e9d-989c42ba0053","","18 Ebsworth St, Zetland NSW 2017, Australia","-33.9062173","151.2046891","","f550e014-d51d-45fd-8eb0-1495e60f201b","","","IEA86A7031E7A8796","ChIJD95c08CxEmsR7NkPMTmW5b4","5411","(?i)^WOOLWORTHS 1638 GREEN S ZETLAND","[`WOOLWORTHS 1638 GREEN S ZETLAND`]"
"Woolworths Metro - Pitt St Mall","https://woolworths.com.au/shop/storelocator/nsw-sydney-1211","9f51f3c5-6002-4ed5-84e0-e8754132ed5e","","400 George St, Sydney NSW 1211, Australia","-33.869114","151.207633","","f550e014-d51d-45fd-8eb0-1495e60f201b","","","I904819A44B74F2A","ChIJYbYX6EavEmsRuSsReRjMe7E","5411","(?i)(?:^WW METRO 1211 PITT STRE SYDNEY|^WW METRO 1211, PITT ST MALL)","[`WW METRO 1211 PITT STRE SYDNEY`, `WW METRO 1211, PITT ST MALL`]"
"Woolworths Metro - Southern Cross Station","https://www.woolworths.com.au/shop/storelocator/vic-docklands-3089","dff55fb0-c490-4f3d-b365-0540f7a02863","","Collins St & Spencer St, Docklands VIC 3008, Australia","-37.81908","144.95336","","f550e014-d51d-45fd-8eb0-1495e60f201b","","","I59962D1F0F5F6E29","ChIJJXb-IE5d1moRLOsZXHtqx1g","5411","(?i)^WW METRO        3089   DOCKLAN","[`WW METRO        3089   DOCKLAN`]"
"WOTSO","https://wotso.com","819e93c8-2797-42ca-9414-64122285bd48","facebook.com-wotsoflexspace.jpg","","","","c1b28755-f543-4efb-a1f4-6f87fa7786b5","","","","","","6513","(?i)WOTSO","[`IPY*WOTSO HOLDINGS,NEUTRAL BAY`]"
"WOTSO - Cremorne","https://wotso.com/locations/nsw/northern-suburbs/cremorne/","dfbd3ecc-d39d-4556-afc5-610cd3a82e16","","237 Military Rd, Cremorne NSW 2090, Australia","-33.830315","151.2270328","","819e93c8-2797-42ca-9414-64122285bd48","","","IC06ADEBB54102073","ChIJH0oSryevEmsRvtF531TVOmY","6513","(?i)WOTSO.*CREMORNE",""
"WOTSO - Melbourne CBD","https://wotso.com/locations/vic/melbourne/melbourne-cbd/","59a4aa88-42f4-4543-89cb-01db821f7fde","","11-19 Bank Pl, Melbourne VIC 3000, Australia","-37.8166167","144.9601983","","819e93c8-2797-42ca-9414-64122285bd48","","","IE6DB4002D43C23D4","ChIJKQV7vPdd1moRn5PGEyjgrOk","6513","(?i)WOTSO.*MELBOURNE CBD",""
"WOTSO - North Sydney","https://wotso.com/locations/nsw/northern-suburbs/north-sydney/","826a636a-c950-4c34-9f0b-d57567e0b65c","","50 Miller St, North Sydney NSW 2060, Australia","-33.8398825","151.2063572","","819e93c8-2797-42ca-9414-64122285bd48","","","IF20FC72E67CBE227","ChIJVRihUtuvEmsROqZigj33Z3g","6513","(?i)WOTSO.*NORTH SYDNEY",""
"WOTSO - Pyrmont","https://wotso.com/locations/nsw/sydney-cbd/pyrmont/","0aea0e7c-8e71-4d27-a1bf-60a60145db16","","Level 3/55 Pyrmont Bridge Rd, Pyrmont NSW 2009, Australia","-33.8723422","151.1946724","","819e93c8-2797-42ca-9414-64122285bd48","","","IEE7D645487350E","ChIJc6ilDjGuEmsRnaTDEjeRvyo","6513","(?i)WOTSO.*PYRMONT",""
"WOTSO - South Melbourne","https://wotso.com/locations/vic/melbourne/south-melbourne/","f8fbd35e-7dff-44fa-9aaf-9a7a0d4bb4d9","","Level 1, 171/183 Ferrars St, Southbank VIC 3006, Australia","-37.8302886","144.9539873","","819e93c8-2797-42ca-9414-64122285bd48","","","I3124327E1628BE9F","ChIJ51vHMANn1moRKl7TQFdfx8c","6513","(?i)WOTSO.*SOUTH MELBOURNE",""
"WOTSO - Sydney CBD","https://wotso.com/locations/nsw/sydney-cbd/sydney-cbd/","9b2ffa85-10f6-47de-ad5f-147963e982f3","","Level 1, Suite 1.01/222 Pitt St, Sydney NSW 2000, Australia","-33.8717383","151.2083789","","819e93c8-2797-42ca-9414-64122285bd48","","","I759DD23B6A72B05","ChIJwYYCqCmvEmsRPdLL2c1OQLQ","6513","(?i)WOTSO.*SYDNEY CBD",""
"Yori Ozeki Myer Central Plaza","https://ozeki.com.au/","314125e1-567c-4add-9efd-260c3220c7da","ozeki.com.au.png","MYER LOWER GROUND, CENTRAL PLAZA, 100 Market St, Sydney NSW 2000","-33.8704851","151.2088822","4b6581ca-31d4-4fd2-b0fa-8525d5392cc7","","","","I791CCCD55604CB0C","ChIJ42zOwD-uEmsRABmgFOMUDL4","5812","(?i)(Yori Ozeki|SUSHI N PLUS PTY)","[`SUSHI N PLUS PTY LTD     SYDNEY`, `Yori Ozeki Sydney`, `Yori Ozeki, Sydney`, `Yori Ozeki               Sydney      NSW`]"
"Zone Bowling","https://www.zonebowling.com","922c890d-ba9e-47dd-be71-940fe2828478","facebook.com-zonebowlingcentres.jpg","","","","24a9d23d-0dd0-43d6-ae4c-93213f80097b","","","","","","7933","(?i)^ZONE BOWLING",""
"Zone Bowling - Belconnen","https://www.zonebowling.com/en-au/venues/act/zone-bowling-belconnen/","7907f734-364c-4435-a749-284f6d0d74a7","","1 Emu Bank, Belconnen ACT 2617, Australia","-35.2400209","149.0748405","","922c890d-ba9e-47dd-be71-940fe2828478","","","I3FB23CA819290599","ChIJV5oaNWmtF2sRVvmW_El1Rek","7933","(?i)^ZONE BOWLING, BELCONNEN","[`ZONE BOWLING, BELCONNEN`]"
